building,method,n,mean_reduction_pct,mean_gain_kw,median_reduction_pct,negative_pct,recommendation_pct,mean_shift_hours,completion_pct,violations,max_energy_error_kwh,mean_seconds,p95_seconds,worst10_mean_gain_kw,min_gain_kw,mean_negative_gain_kw,timeout_count,fallback_count
Bull_office_Anne,full,141,28.450484483876608,16.70212765957447,28.26086956521739,0.0,100.0,1.2141843971631205,100.0,0,0.0,0.49864109243961474,1.0633554169908166,7.066666666666666,0.0,0.0,2,0
Bull_office_Anne,iid,141,28.45618556731751,16.70212765957447,28.26086956521739,0.0,100.0,1.2595744680851062,100.0,0,0.0,0.7483017440346162,1.70966687501641,7.533333333333333,0.0,0.0,5,0
Bull_office_Anne,iid_screen,141,28.45618556731751,16.70212765957447,28.26086956521739,0.0,100.0,1.2595744680851062,100.0,0,0.0,0.7483017440346162,1.70966687501641,7.533333333333333,0.0,0.0,5,0
Bull_office_Anne,mean,141,28.49887394568286,16.72340425531915,28.571428571428573,0.0,100.0,1.2078014184397161,100.0,0,0.0,0.4485937934410131,1.2855188749963418,7.066666666666666,0.0,0.0,2,0
Bull_office_Anne,mean_screen,141,28.49887394568286,16.72340425531915,28.571428571428573,0.0,100.0,1.2078014184397161,100.0,0,0.0,0.4485937934410131,1.2855188749963418,7.066666666666666,0.0,0.0,2,0
Bull_office_Anne,oracle,141,30.53633184395934,17.907801418439718,30.76923076923077,0.0,100.0,1.8567375886524824,100.0,0,0.0,0.008816023079797309,0.015225334034767002,9.8,7.0,0.0,0,0
Bull_office_Anne,point,141,28.143334184715858,16.49645390070922,28.333333333333332,0.0,98.58156028368793,1.1829787234042555,100.0,0,0.0,0.11986099113957917,0.359923624957446,6.066666666666666,0.0,0.0,0,2
Bull_office_Anne,risk,141,28.450484483876608,16.70212765957447,28.26086956521739,0.0,100.0,1.2141843971631205,100.0,0,0.0,0.49864109243961474,1.0633554169908166,7.066666666666666,0.0,0.0,2,0
Bull_office_Anne,rule,141,0.0,0.0,0.0,0.0,0.0,0.0,100.0,0,0.0,0.0,0.0,0.0,0.0,0.0,0,0
Bull_office_Anne,weekly,141,27.851130962039097,16.361702127659573,27.45098039215686,0.0,99.29078014184397,1.2539007092198577,100.0,0,0.0,0.03244163798034548,0.0912337499903515,5.8,0.0,0.0,0,0
Eagle_office_Amanda,full,147,0.11732037212781522,0.4696965986394556,0.0,0.0,3.4013605442176873,0.04489795918367347,100.0,0,0.0,0.023115240069910833,0.06298810429871075,0.0,0.0,0.0,0,0
Eagle_office_Amanda,iid,147,0.994251266501774,1.5899768707482989,0.0,14.965986394557824,78.91156462585033,0.6034013605442177,100.0,0,0.0,0.03274419132642271,0.09598993381950995,-7.60183333333334,-15.004500000000007,-5.3692181818181846,0,0
Eagle_office_Amanda,iid_screen,147,0.04028246341225497,0.19047619047619047,0.0,0.0,1.3605442176870748,0.0217687074829932,100.0,0,0.0,0.03274419132642271,0.09598993381950995,0.0,0.0,0.0,0,0
Eagle_office_Amanda,mean,147,1.0053022552312072,1.664904761904762,0.0,20.408163265306122,93.87755102040816,0.7367346938775511,100.0,0,0.0,0.0188921610191211,0.052972812624648105,-9.997813333333333,-15.004500000000007,-6.473346666666665,0,0
Eagle_office_Amanda,mean_screen,147,0.10343788306638367,0.42207755102040795,0.0,0.0,3.4013605442176873,0.044897959183673466,100.0,0,0.0,0.0188921610191211,0.052972812624648105,0.0,0.0,0.0,0,0
Eagle_office_Amanda,oracle,147,11.895007084952322,8.583774149659861,1.7371063282783539,0.0,96.5986394557823,1.521768707482993,100.0,0,0.0,0.007935315490538749,0.01675035428488627,0.0,0.0,0.0,0,0
Eagle_office_Amanda,point,147,1.3760760305057866,1.7876925170068028,0.0,16.3265306122449,91.83673469387756,0.8496598639455782,100.0,0,0.0,0.012001590781487196,0.03349692049087025,-8.800926666666669,-21.0,-6.4254125,0,0
Eagle_office_Amanda,risk,147,0.3451145659409705,1.3459476190476194,0.0,19.727891156462583,89.79591836734694,0.6993197278911566,100.0,0,0.0,0.023115240069910833,0.06298810429871075,-9.334093333333332,-15.004500000000007,-6.5573965517241355,0,0
Eagle_office_Amanda,rule,147,0.0,0.0,0.0,0.0,0.0,0.0,100.0,0,0.0,0.0,0.0,0.0,0.0,0.0,0,0
Eagle_office_Amanda,weekly,147,8.342532879145818,1.5831435374149652,0.0,28.57142857142857,98.63945578231292,1.44421768707483,100.0,0,0.0,0.007872553822999428,0.013787745626177638,-17.139120000000002,-21.05290000000008,-10.553333333333336,0,0
Fox_office_Alice,full,147,2.75353074856923,11.777823129251699,2.9846291598268917,2.7210884353741496,93.87755102040816,1.098639455782313,100.0,0,0.0,0.13807149405462896,0.467321820708457,-1.6040000000000039,-21.0,-6.015000000000015,0,0
Fox_office_Alice,iid,147,2.5479815752902915,10.93394557823129,2.706377637737631,4.761904761904762,100.0,1.2190476190476192,100.0,0,0.0,0.06315833107341828,0.1489392669056542,-2.6153333333333384,-21.0,-5.762857142857156,0,0
Fox_office_Alice,iid_screen,147,0.7605290868219592,3.2767346938775503,0.0,0.0,18.367346938775512,0.26666666666666666,100.0,0,0.0,0.06315833107341828,0.1489392669056542,0.0,0.0,0.0,0,0
Fox_office_Alice,mean,147,2.8735307827886842,12.266802721088435,2.9846291598268917,3.4013605442176873,100.0,1.1156462585034013,100.0,0,0.0,0.1253541924437939,0.46495396262034766,-0.5466666666666697,-21.0,-5.856000000000006,0,0
Fox_office_Alice,mean_screen,147,2.802816653057377,11.980476190476189,2.9846291598268917,3.4013605442176873,94.5578231292517,1.0809523809523809,100.0,0,0.0,0.1253541924437939,0.46495396262034766,-1.952000000000002,-21.0,-5.856000000000006,0,0
Fox_office_Alice,oracle,147,3.6261913446923666,15.403809523809521,3.723503284661826,0.0,100.0,1.2557823129251697,100.0,0,0.0,0.022126074238493405,0.08358879559673364,5.268666666666665,0.0,0.0,0,0
Fox_office_Alice,point,147,2.7955949246322214,11.908163265306122,3.060161820075312,3.4013605442176873,100.0,1.0204081632653061,100.0,0,0.0,0.025842901391331993,0.10051332943257875,-1.421999999999999,-21.0,-6.638,0,0
Fox_office_Alice,risk,147,2.839738964074236,12.120884353741495,2.9846291598268917,2.7210884353741496,100.0,1.1428571428571428,100.0,0,0.0,0.13807149405462896,0.467321820708457,-0.5679999999999988,-21.0,-6.015000000000015,0,0
Fox_office_Alice,rule,147,0.0,0.0,0.0,0.0,0.0,0.0,100.0,0,0.0,0.0,0.0,0.0,0.0,0.0,0,0
Fox_office_Alice,weekly,147,2.5490993114448544,10.825238095238095,2.7387762177153725,3.4013605442176873,98.63945578231292,0.9863945578231292,100.0,0,0.0,0.026023193569394577,0.07772392869810572,-2.3559999999999985,-21.0,-8.014,0,0
