building,split,total_hours,valid_hours,complete_days,zero_hours,mean_kw,max_kw
Bull_office_Anne,train,10512,10489,421,219,20.65911907712842,50.0
Bull_office_Anne,tune,1752,1752,73,1,20.256849315068493,40.0
Bull_office_Anne,calibration,1752,1752,73,0,19.85159817351598,27.0
Bull_office_Anne,test,3528,3520,141,89,19.881107954545456,59.0
Eagle_office_Amanda,train,10512,10512,438,53,312.0139832762557,669.6724
Eagle_office_Amanda,tune,1752,1752,73,23,266.82564623287675,552.1486
Eagle_office_Amanda,calibration,1752,1752,73,2,249.50634908675798,371.9609
Eagle_office_Amanda,test,3528,3528,147,1073,191.11720541383218,546.0137
Fox_office_Alice,train,10512,10510,436,0,358.96291341579445,473.66
Fox_office_Alice,tune,1752,1752,73,1,366.1859646118722,449.42
Fox_office_Alice,calibration,1752,1752,73,0,369.0225799086758,457.75
Fox_office_Alice,test,3528,3528,147,1,359.0058418367347,467.96
