feature,gain
hour,14554472.630371094
lead,0.0
weekday,22907959.571777344
weekend,0.0
hour_sin,4307940.4775390625
hour_cos,1481163.4052734375
doy_sin,5082102.773925781
doy_cos,4188132.4057617188
workhour,4891136.59765625
last,35807346.72753906
lag24,115727666.92382812
lag168,44309003.697753906
mean24,9159777.25
std24,4425924.230957031
min24,7928819.4111328125
max24,1015618.9404296875
mean168,1349056.9213867188
std168,1285119.7592773438
min168,855300.9111328125
max168,2881987.9482421875
missing24,0.0
missing168,0.0
temp_last,27134662.790527344
temp_mean24,2871576.634765625
temp_mean168,982351.0908203125
temp_delta24,3245338.1479492188
response_cool24,558173.8369140625
response_heat24,375824.19921875
response_cool168,401719.88427734375
response_heat168,1387458.5024414062
interaction_temp_work,9996881.676269531
interaction_cool_work,252519.46826171875
interaction_temp_sin,17190372.846679688
