building,model,num_leaves,n_estimators,tune_mae
Bull_office_Anne,ai,7,150,1.0591296165438573
Bull_office_Anne,ai,7,350,1.0961379348756288
Bull_office_Anne,ai,15,150,1.1241029352936307
Bull_office_Anne,ai,15,350,1.1443263918931306
Bull_office_Anne,ai,31,150,1.1227692879406912
Bull_office_Anne,ai,31,350,1.1824217399826524
Bull_office_Anne,no_response,7,150,1.0649762268213796
Bull_office_Anne,no_response,7,350,1.1196968976437485
Bull_office_Anne,no_response,15,150,1.1040158386782586
Bull_office_Anne,no_response,15,350,1.1460703043533542
Bull_office_Anne,no_response,31,150,1.121534844820874
Bull_office_Anne,no_response,31,350,1.166302304322533
Bull_office_Anne,no_interaction,7,150,1.106013087938349
Bull_office_Anne,no_interaction,7,350,1.1525235756084737
Bull_office_Anne,no_interaction,15,150,1.1147604784990808
Bull_office_Anne,no_interaction,15,350,1.1522965978170565
Bull_office_Anne,no_interaction,31,150,1.1281312175989118
Bull_office_Anne,no_interaction,31,350,1.1637914058249046
Bull_office_Anne,no_weather,7,150,1.0829956535196004
Bull_office_Anne,no_weather,7,350,1.1670408087388286
Bull_office_Anne,no_weather,15,150,1.1376502884375097
Bull_office_Anne,no_weather,15,350,1.2401372095019412
Bull_office_Anne,no_weather,31,150,1.1322031578188576
Bull_office_Anne,no_weather,31,350,1.1733671756547959
Eagle_office_Amanda,ai,7,150,24.100804003444637
Eagle_office_Amanda,ai,7,350,23.413045807835232
Eagle_office_Amanda,ai,15,150,23.04947617501842
Eagle_office_Amanda,ai,15,350,23.21236619833362
Eagle_office_Amanda,ai,31,150,23.082777061819634
Eagle_office_Amanda,ai,31,350,23.125506416621963
Eagle_office_Amanda,no_response,7,150,23.84790328777959
Eagle_office_Amanda,no_response,7,350,23.307722182477093
Eagle_office_Amanda,no_response,15,150,23.387870211686554
Eagle_office_Amanda,no_response,15,350,23.562552426623117
Eagle_office_Amanda,no_response,31,150,23.305736849478844
Eagle_office_Amanda,no_response,31,350,23.51995602321822
Eagle_office_Amanda,no_interaction,7,150,24.081099887641194
Eagle_office_Amanda,no_interaction,7,350,23.374193211624124
Eagle_office_Amanda,no_interaction,15,150,23.297473322979986
Eagle_office_Amanda,no_interaction,15,350,23.495640159569223
Eagle_office_Amanda,no_interaction,31,150,23.3650241976551
Eagle_office_Amanda,no_interaction,31,350,23.728873498466466
Eagle_office_Amanda,no_weather,7,150,24.463126375474236
Eagle_office_Amanda,no_weather,7,350,23.899861766273023
Eagle_office_Amanda,no_weather,15,150,24.544757461729294
Eagle_office_Amanda,no_weather,15,350,24.86630361635735
Eagle_office_Amanda,no_weather,31,150,24.078849815900973
Eagle_office_Amanda,no_weather,31,350,24.5865416659007
Fox_office_Alice,ai,7,150,8.511411353281108
Fox_office_Alice,ai,7,350,8.519786597416806
Fox_office_Alice,ai,15,150,8.075276309034361
Fox_office_Alice,ai,15,350,8.320544629171215
Fox_office_Alice,ai,31,150,7.846593396228402
Fox_office_Alice,ai,31,350,8.185607293641171
Fox_office_Alice,no_response,7,150,8.474203525132868
Fox_office_Alice,no_response,7,350,8.671382334374485
Fox_office_Alice,no_response,15,150,8.199355484243831
Fox_office_Alice,no_response,15,350,8.361910028349726
Fox_office_Alice,no_response,31,150,7.903068849153031
Fox_office_Alice,no_response,31,350,8.227089541924792
Fox_office_Alice,no_interaction,7,150,8.43717581490083
Fox_office_Alice,no_interaction,7,350,8.555698948725063
Fox_office_Alice,no_interaction,15,150,8.017889828044792
Fox_office_Alice,no_interaction,15,350,8.080453599964747
Fox_office_Alice,no_interaction,31,150,8.006574134527463
Fox_office_Alice,no_interaction,31,350,8.256800675369405
Fox_office_Alice,no_weather,7,150,8.571240474145304
Fox_office_Alice,no_weather,7,350,8.89602429341807
Fox_office_Alice,no_weather,15,150,8.227746530817667
Fox_office_Alice,no_weather,15,350,8.424167296440196
Fox_office_Alice,no_weather,31,150,8.224941432765954
Fox_office_Alice,no_weather,31,350,8.574429484521616
