building,model,split,subset,n,mae,rmse,threshold_kw
Bull_office_Anne,ai,tune,all,1752,1.0591296165438573,1.5086510952958916,25.0
Bull_office_Anne,ai,tune,high,38,3.7389474429069045,4.842359601073317,25.0
Bull_office_Anne,ai,test,all,3520,1.3695559293213364,2.6126216077513233,25.0
Bull_office_Anne,ai,test,high,124,4.305545718439339,6.3271683117494355,25.0
Bull_office_Anne,no_response,tune,all,1752,1.0649762268213796,1.5240100890369035,25.0
Bull_office_Anne,no_response,tune,high,38,3.7559252776418393,4.859436309256072,25.0
Bull_office_Anne,no_response,test,all,3520,1.3400374593964972,2.591377079767048,25.0
Bull_office_Anne,no_response,test,high,124,4.16486120343686,6.157249535460203,25.0
Bull_office_Anne,no_interaction,tune,all,1752,1.106013087938349,1.5558658851024456,25.0
Bull_office_Anne,no_interaction,tune,high,38,3.880327622450587,4.908257290748042,25.0
Bull_office_Anne,no_interaction,test,all,3520,1.3722845910717556,2.5844677845340973,25.0
Bull_office_Anne,no_interaction,test,high,124,4.171208602673606,6.178489216548519,25.0
Bull_office_Anne,no_weather,tune,all,1752,1.0829956535196004,1.5208559139115478,25.0
Bull_office_Anne,no_weather,tune,high,38,3.9066306532990303,4.963500654696701,25.0
Bull_office_Anne,no_weather,test,all,3520,1.3497529970489002,2.6140402668967795,25.0
Bull_office_Anne,no_weather,test,high,124,4.242305970131942,6.212951119430835,25.0
Bull_office_Anne,linear,tune,all,1752,1.3381173907345407,1.9090304158300226,25.0
Bull_office_Anne,linear,tune,high,38,5.018125640633502,5.946083025846495,25.0
Bull_office_Anne,linear,test,all,3520,1.8098567665553322,3.34949374820962,25.0
Bull_office_Anne,linear,test,high,124,5.091937342653959,7.216164285505669,25.0
Bull_office_Anne,weekly,tune,all,1752,1.091324200913242,1.8561264718364572,25.0
Bull_office_Anne,weekly,tune,high,38,3.973684210526316,5.054961085799511,25.0
Bull_office_Anne,weekly,test,all,3520,2.1835227272727273,5.0463617632364155,25.0
Bull_office_Anne,weekly,test,high,124,4.943548387096774,8.000504016381033,25.0
Bull_office_Anne,daily,tune,all,1752,1.567351598173516,2.679407349451038,25.0
Bull_office_Anne,daily,tune,high,38,6.026315789473684,7.3609924960100175,25.0
Bull_office_Anne,daily,test,all,3520,2.0332386363636363,4.40339809382791,25.0
Bull_office_Anne,daily,test,high,124,4.516129032258065,7.750130071749265,25.0
Eagle_office_Amanda,ai,tune,all,1752,23.04947617501842,39.601792043787455,426.03752499999996
Eagle_office_Amanda,ai,tune,high,25,66.30728528963152,75.08042350329474,426.03752499999996
Eagle_office_Amanda,ai,test,all,3528,100.00179359811061,156.25170899669715,426.03752499999996
Eagle_office_Amanda,ai,test,high,35,67.82785285424536,84.19704200346709,426.03752499999996
Eagle_office_Amanda,no_response,tune,all,1752,23.305736849478844,39.175108792022016,426.03752499999996
Eagle_office_Amanda,no_response,tune,high,25,66.05303552549233,76.4630132880432,426.03752499999996
Eagle_office_Amanda,no_response,test,all,3528,99.33306290961046,154.03758363858793,426.03752499999996
Eagle_office_Amanda,no_response,test,high,35,80.86397568196476,98.47332057821039,426.03752499999996
Eagle_office_Amanda,no_interaction,tune,all,1752,23.297473322979986,39.853432486561324,426.03752499999996
Eagle_office_Amanda,no_interaction,tune,high,25,67.88118790877462,76.62456241080102,426.03752499999996
Eagle_office_Amanda,no_interaction,test,all,3528,98.69654163067254,153.54033889971183,426.03752499999996
Eagle_office_Amanda,no_interaction,test,high,35,69.89625692592702,85.78518754330722,426.03752499999996
Eagle_office_Amanda,no_weather,tune,all,1752,23.899861766273023,41.136499316821386,426.03752499999996
Eagle_office_Amanda,no_weather,tune,high,25,99.1412167878666,111.20446025027131,426.03752499999996
Eagle_office_Amanda,no_weather,test,all,3528,104.92117485387344,164.01458707250669,426.03752499999996
Eagle_office_Amanda,no_weather,test,high,35,83.95373420419166,93.8936663039064,426.03752499999996
Eagle_office_Amanda,linear,tune,all,1752,24.9593576188919,41.581154476301315,426.03752499999996
Eagle_office_Amanda,linear,tune,high,25,90.07451614665031,95.69487540147968,426.03752499999996
Eagle_office_Amanda,linear,test,all,3528,62.06292329362151,99.55204480823065,426.03752499999996
Eagle_office_Amanda,linear,test,high,35,145.6696620538191,166.8980480935785,426.03752499999996
Eagle_office_Amanda,weekly,tune,all,1752,39.09545148401826,62.23177067308592,426.03752499999996
Eagle_office_Amanda,weekly,tune,high,25,141.422328,156.17362437018872,426.03752499999996
Eagle_office_Amanda,weekly,test,all,3528,73.9275679138322,137.71031133949302,426.03752499999996
Eagle_office_Amanda,weekly,test,high,35,272.91444285714283,336.13039030140453,426.03752499999996
Eagle_office_Amanda,daily,tune,all,1752,35.916658047945205,61.082063314513974,426.03752499999996
Eagle_office_Amanda,daily,tune,high,25,89.97352,127.6295401295233,426.03752499999996
Eagle_office_Amanda,daily,test,all,3528,51.63236729024942,112.28420586922726,426.03752499999996
Eagle_office_Amanda,daily,test,high,35,234.16192571428567,300.59235271611095,426.03752499999996
Fox_office_Alice,ai,tune,all,1752,7.846593396228402,16.28877935068191,426.68
Fox_office_Alice,ai,tune,high,138,9.122218424033358,11.591955738567407,426.68
Fox_office_Alice,ai,test,all,3528,8.551126388688743,15.631572999336123,426.68
Fox_office_Alice,ai,test,high,324,10.666613700525124,14.301553650316018,426.68
Fox_office_Alice,no_response,tune,all,1752,7.903068849153031,16.303289841282663,426.68
Fox_office_Alice,no_response,tune,high,138,9.232572219080318,11.463605947132654,426.68
Fox_office_Alice,no_response,test,all,3528,8.51819950290896,15.624034414170863,426.68
Fox_office_Alice,no_response,test,high,324,10.517480648745634,14.333045510357834,426.68
Fox_office_Alice,no_interaction,tune,all,1752,8.006574134527463,16.402146762334752,426.68
Fox_office_Alice,no_interaction,tune,high,138,9.052704434625923,11.372450264581202,426.68
Fox_office_Alice,no_interaction,test,all,3528,8.452181206962223,15.325378137328125,426.68
Fox_office_Alice,no_interaction,test,high,324,11.593709872511601,15.19349233903237,426.68
Fox_office_Alice,no_weather,tune,all,1752,8.224941432765954,16.583098873109577,426.68
Fox_office_Alice,no_weather,tune,high,138,10.86641032082247,13.579125664147007,426.68
Fox_office_Alice,no_weather,test,all,3528,8.674617057356805,15.532381792200633,426.68
Fox_office_Alice,no_weather,test,high,324,11.374461510069374,14.777346958688227,426.68
Fox_office_Alice,linear,tune,all,1752,8.750748106923865,17.26036318128251,426.68
Fox_office_Alice,linear,tune,high,138,12.934072485270056,15.660695618820284,426.68
Fox_office_Alice,linear,test,all,3528,10.481396855403762,17.039783415201235,426.68
Fox_office_Alice,linear,test,high,324,15.131099759475156,18.618030894809397,426.68
Fox_office_Alice,weekly,tune,all,1752,12.012083333333333,23.524878824070797,426.68
Fox_office_Alice,weekly,tune,high,138,13.833115942028988,20.76787532830872,426.68
Fox_office_Alice,weekly,test,all,3528,11.420150226757372,20.600379690571035,426.68
Fox_office_Alice,weekly,test,high,324,12.692283950617282,19.203177977731823,426.68
Fox_office_Alice,daily,tune,all,1752,16.560114155251142,29.74608168432905,426.68
Fox_office_Alice,daily,tune,high,138,20.706376811594208,32.66149337178816,426.68
Fox_office_Alice,daily,test,all,3528,16.01013888888889,27.58193276599212,426.68
Fox_office_Alice,daily,test,high,324,21.767716049382717,35.26758125608164,426.68
