building,comparison,mean_pp,ci_low_pp,ci_high_pp,n_days
Bull_office_Anne,full-rule,28.450484483876608,27.772517654290276,29.76290974610876,141
Bull_office_Anne,point-weekly,0.29220322267675974,-0.4606556762928799,1.0051121392233267,141
Bull_office_Anne,risk-point,0.3071502991607483,-0.13366745355170795,0.7937497188187785,141
Bull_office_Anne,full-risk,0.0,0.0,0.0,141
Bull_office_Anne,risk-mean,-0.04838946180625145,-0.161860572882126,0.056675940278504505,141
Bull_office_Anne,risk-iid,-0.005701083440905087,-0.11470726635438849,0.1820209563799779,141
Eagle_office_Amanda,full-rule,0.11732037212781522,0.0,0.24706626209233642,147
Eagle_office_Amanda,point-weekly,-6.96645684864003,-14.999610234468166,-1.2055691166562488,147
Eagle_office_Amanda,risk-point,-1.030961464564816,-3.0448846028066305,0.5842528978145558,147
Eagle_office_Amanda,full-risk,-0.2277941938131553,-1.7622505867461804,1.2476484958855492,147
Eagle_office_Amanda,risk-mean,-0.6601876892902365,-1.5582954552192754,-0.019592179306226008,147
Eagle_office_Amanda,risk-iid,-0.6491367005608032,-2.32706042538836,0.9673593529858902,147
Fox_office_Alice,full-rule,2.75353074856923,2.4799339027816676,2.953922691846967,147
Fox_office_Alice,point-weekly,0.24649561318736748,0.10945671476463158,0.35094457654718847,147
Fox_office_Alice,risk-point,0.044144039442014664,-0.03151600586894943,0.13660422976984243,147
Fox_office_Alice,full-risk,-0.0862082155050058,-0.1521176297272287,-0.031050570580406164,147
Fox_office_Alice,risk-mean,-0.033791818714448286,-0.08995559875735283,0.01907677777725786,147
Fox_office_Alice,risk-iid,0.2917573887839446,0.21881450750554496,0.4173488099651865,147
