building,perturbation,method,n,mean_reduction_pct,mean_gain_kw,median_reduction_pct,negative_pct,recommendation_pct,mean_shift_hours,completion_pct,violations,max_energy_error_kwh,mean_seconds,p95_seconds,worst10_mean_gain_kw,min_gain_kw,mean_negative_gain_kw,timeout_count,fallback_count
Bull_office_Anne,bias_minus_10pct,full,141,28.421283495677542,16.68794326241135,28.333333333333332,0.0,100.0,1.201418439716312,100.0,0,0.0,0.48244276357292865,1.0676898329984397,6.933333333333334,0.0,0.0,2,0
Bull_office_Anne,bias_minus_10pct,point,141,28.14071079019414,16.50354609929078,27.77777777777778,0.0,98.58156028368793,1.1773049645390068,100.0,0,0.0,0.11786332328395971,0.351515082991682,6.2,0.0,0.0,0,2
Bull_office_Anne,bias_minus_10pct,risk,141,28.421283495677542,16.68794326241135,28.333333333333332,0.0,100.0,1.201418439716312,100.0,0,0.0,0.48244276357292865,1.0676898329984397,6.933333333333334,0.0,0.0,2,0
Bull_office_Anne,bias_minus_10pct,rule,141,0.0,0.0,0.0,0.0,0.0,0.0,100.0,0,0.0,0.0,0.0,0.0,0.0,0.0,0,0
Bull_office_Anne,bias_minus_10pct,weekly,141,27.851130962039097,16.361702127659573,27.45098039215686,0.0,99.29078014184397,1.2539007092198577,100.0,0,0.0,0.03209588566880858,0.0954725420451723,5.8,0.0,0.0,0,0
Bull_office_Anne,bias_plus_10pct,full,141,28.53371301719212,16.74468085106383,28.26086956521739,0.0,100.0,1.208510638297872,100.0,0,0.0,0.48783594620552784,0.9721733749611303,7.533333333333333,0.0,0.0,3,0
Bull_office_Anne,bias_plus_10pct,point,141,27.89204773940205,16.361702127659573,28.333333333333332,0.0,97.87234042553192,1.1914893617021276,100.0,0,0.0,0.11808799080515994,0.30465054098749533,5.0,0.0,0.0,0,3
Bull_office_Anne,bias_plus_10pct,risk,141,28.53371301719212,16.74468085106383,28.26086956521739,0.0,100.0,1.208510638297872,100.0,0,0.0,0.48783594620552784,0.9721733749611303,7.533333333333333,0.0,0.0,3,0
Bull_office_Anne,bias_plus_10pct,rule,141,0.0,0.0,0.0,0.0,0.0,0.0,100.0,0,0.0,0.0,0.0,0.0,0.0,0.0,0,0
Bull_office_Anne,bias_plus_10pct,weekly,141,27.851130962039097,16.361702127659573,27.45098039215686,0.0,99.29078014184397,1.2539007092198577,100.0,0,0.0,0.03224088654544614,0.0900262919603847,5.8,0.0,0.0,0,0
Bull_office_Anne,none,full,141,28.450484483876608,16.70212765957447,28.26086956521739,0.0,100.0,1.2141843971631205,100.0,0,0.0,0.49864109243961474,1.0633554169908166,7.066666666666666,0.0,0.0,2,0
Bull_office_Anne,none,point,141,28.143334184715858,16.49645390070922,28.333333333333332,0.0,98.58156028368793,1.1829787234042555,100.0,0,0.0,0.11986099113957917,0.359923624957446,6.066666666666666,0.0,0.0,0,2
Bull_office_Anne,none,risk,141,28.450484483876608,16.70212765957447,28.26086956521739,0.0,100.0,1.2141843971631205,100.0,0,0.0,0.49864109243961474,1.0633554169908166,7.066666666666666,0.0,0.0,2,0
Bull_office_Anne,none,rule,141,0.0,0.0,0.0,0.0,0.0,0.0,100.0,0,0.0,0.0,0.0,0.0,0.0,0.0,0,0
Bull_office_Anne,none,weekly,141,27.851130962039097,16.361702127659573,27.45098039215686,0.0,99.29078014184397,1.2539007092198577,100.0,0,0.0,0.03244163798034548,0.0912337499903515,5.8,0.0,0.0,0,0
Bull_office_Anne,peak_early_1h,full,141,28.232267799458963,16.56028368794326,27.63157894736842,0.0,100.0,1.1872340425531913,100.0,0,0.0,0.4622685298994877,1.0476316250278614,7.333333333333333,0.0,0.0,1,0
Bull_office_Anne,peak_early_1h,point,141,27.612721389734684,16.19148936170213,27.45098039215686,0.0,98.58156028368793,1.1085106382978724,100.0,0,0.0,0.10620868999175793,0.3238483750028536,5.733333333333333,0.0,0.0,0,2
Bull_office_Anne,peak_early_1h,risk,141,28.232267799458963,16.56028368794326,27.63157894736842,0.0,100.0,1.1872340425531913,100.0,0,0.0,0.4622685298994877,1.0476316250278614,7.333333333333333,0.0,0.0,1,0
Bull_office_Anne,peak_early_1h,rule,141,0.0,0.0,0.0,0.0,0.0,0.0,100.0,0,0.0,0.0,0.0,0.0,0.0,0.0,0,0
Bull_office_Anne,peak_early_1h,weekly,141,27.851130962039097,16.361702127659573,27.45098039215686,0.0,99.29078014184397,1.2539007092198577,100.0,0,0.0,0.031966243214172095,0.0862234589876607,5.8,0.0,0.0,0,0
Bull_office_Anne,peak_late_1h,full,141,28.401641970649294,16.673758865248228,27.692307692307693,0.0,100.0,1.2234042553191489,100.0,0,0.0,0.5001641646352042,1.2105200829682872,7.333333333333333,0.0,0.0,3,0
Bull_office_Anne,peak_late_1h,point,141,28.277803067836974,16.602836879432623,28.333333333333332,0.0,99.29078014184397,1.1943262411347517,100.0,0,0.0,0.13686870598376247,0.3655550419935025,6.266666666666667,0.0,0.0,0,1
Bull_office_Anne,peak_late_1h,risk,141,28.401641970649294,16.673758865248228,27.692307692307693,0.0,100.0,1.2234042553191489,100.0,0,0.0,0.5001641646352042,1.2105200829682872,7.333333333333333,0.0,0.0,3,0
Bull_office_Anne,peak_late_1h,rule,141,0.0,0.0,0.0,0.0,0.0,0.0,100.0,0,0.0,0.0,0.0,0.0,0.0,0.0,0,0
Bull_office_Anne,peak_late_1h,weekly,141,27.851130962039097,16.361702127659573,27.45098039215686,0.0,99.29078014184397,1.2539007092198577,100.0,0,0.0,0.03274961320372919,0.09300016704946756,5.8,0.0,0.0,0,0
Eagle_office_Amanda,bias_minus_10pct,full,147,0.11732037212781522,0.4696965986394556,0.0,0.0,3.4013605442176873,0.04421768707482994,100.0,0,0.0,0.028987989283394903,0.10309672481380402,0.0,0.0,0.0,0,0
Eagle_office_Amanda,bias_minus_10pct,point,147,1.693046648455819,1.6509952380952375,0.0,17.006802721088434,91.83673469387756,0.8727891156462586,100.0,0,0.0,0.01709260690646867,0.06413954110466867,-9.267593333333336,-21.0,-6.804892000000002,0,0
Eagle_office_Amanda,bias_minus_10pct,risk,147,1.1218535619279415,1.7128074829931974,0.0,17.687074829931973,91.15646258503402,0.7360544217687076,100.0,0,0.0,0.028987989283394903,0.10309672481380402,-8.269913333333333,-14.0,-5.89237692307692,0,0
Eagle_office_Amanda,bias_minus_10pct,rule,147,0.0,0.0,0.0,0.0,0.0,0.0,100.0,0,0.0,0.0,0.0,0.0,0.0,0.0,0,0
Eagle_office_Amanda,bias_minus_10pct,weekly,147,8.342532879145818,1.5831435374149652,0.0,28.57142857142857,98.63945578231292,1.44421768707483,100.0,0,0.0,0.007876994926165663,0.01404527936829252,-17.139120000000002,-21.05290000000008,-10.553333333333336,0,0
Eagle_office_Amanda,bias_plus_10pct,full,147,0.10659536140280451,0.42207755102040795,0.0,0.6802721088435374,4.081632653061225,0.051700680272108855,100.0,0,0.0,0.02066714173304804,0.0540005375863984,-0.4666666666666667,-7.0,-7.0,0,0
Eagle_office_Amanda,bias_plus_10pct,point,147,1.2127854873584145,1.6442414965986394,0.0,17.006802721088434,92.51700680272108,0.8693877551020407,100.0,0,0.0,0.011300433058842865,0.0337044712039641,-8.941906666666672,-14.0,-6.651448,0,0
Eagle_office_Amanda,bias_plus_10pct,risk,147,0.8199427737167171,1.4943965986394558,0.0,16.3265306122449,88.43537414965986,0.6931972789115647,100.0,0,0.0,0.02066714173304804,0.0540005375863984,-9.604193333333335,-15.004500000000007,-6.681470833333331,0,0
Eagle_office_Amanda,bias_plus_10pct,rule,147,0.0,0.0,0.0,0.0,0.0,0.0,100.0,0,0.0,0.0,0.0,0.0,0.0,0.0,0,0
Eagle_office_Amanda,bias_plus_10pct,weekly,147,8.342532879145818,1.5831435374149652,0.0,28.57142857142857,98.63945578231292,1.44421768707483,100.0,0,0.0,0.007880643715758865,0.014214641111902888,-17.139120000000002,-21.05290000000008,-10.553333333333336,0,0
Eagle_office_Amanda,none,full,147,0.11732037212781522,0.4696965986394556,0.0,0.0,3.4013605442176873,0.04489795918367347,100.0,0,0.0,0.023115240069910833,0.06298810429871075,0.0,0.0,0.0,0,0
Eagle_office_Amanda,none,point,147,1.3760760305057866,1.7876925170068028,0.0,16.3265306122449,91.83673469387756,0.8496598639455782,100.0,0,0.0,0.012001590781487196,0.03349692049087025,-8.800926666666669,-21.0,-6.4254125,0,0
Eagle_office_Amanda,none,risk,147,0.3451145659409705,1.3459476190476194,0.0,19.727891156462583,89.79591836734694,0.6993197278911566,100.0,0,0.0,0.023115240069910833,0.06298810429871075,-9.334093333333332,-15.004500000000007,-6.5573965517241355,0,0
Eagle_office_Amanda,none,rule,147,0.0,0.0,0.0,0.0,0.0,0.0,100.0,0,0.0,0.0,0.0,0.0,0.0,0.0,0,0
Eagle_office_Amanda,none,weekly,147,8.342532879145818,1.5831435374149652,0.0,28.57142857142857,98.63945578231292,1.44421768707483,100.0,0,0.0,0.007872553822999428,0.013787745626177638,-17.139120000000002,-21.05290000000008,-10.553333333333336,0,0
Eagle_office_Amanda,peak_early_1h,full,147,0.4794275533875818,0.6865408163265301,0.0,2.7210884353741496,14.285714285714285,0.17551020408163265,100.0,0,0.0,0.027216125286000523,0.07045803759829142,-3.7368600000000054,-21.05290000000008,-14.01322500000002,0,0
Eagle_office_Amanda,peak_early_1h,point,147,1.9742847884064743,0.9372401360544197,0.0,22.448979591836736,98.63945578231292,1.0013605442176872,100.0,0,0.0,0.016424711472529056,0.06976687937858503,-12.54278,-28.05290000000008,-8.339827272727277,0,0
Eagle_office_Amanda,peak_early_1h,risk,147,2.8737409262780824,2.233941496598638,0.0,19.727891156462583,95.23809523809523,0.8469387755102041,100.0,0,0.0,0.027216125286000523,0.07045803759829142,-9.877386666666666,-21.05290000000008,-6.7048551724137955,0,0
Eagle_office_Amanda,peak_early_1h,rule,147,0.0,0.0,0.0,0.0,0.0,0.0,100.0,0,0.0,0.0,0.0,0.0,0.0,0.0,0,0
Eagle_office_Amanda,peak_early_1h,weekly,147,8.342532879145818,1.5831435374149652,0.0,28.57142857142857,98.63945578231292,1.44421768707483,100.0,0,0.0,0.007936237536712873,0.013788116903742771,-17.139120000000002,-21.05290000000008,-10.553333333333336,0,0
Eagle_office_Amanda,peak_late_1h,full,147,0.07471428539141864,0.2792204081632651,0.0,0.0,2.0408163265306123,0.034013605442176874,100.0,0,0.0,0.024018076482881495,0.07470670448965393,0.0,0.0,0.0,0,0
Eagle_office_Amanda,peak_late_1h,point,147,0.3390903584916954,0.38195442176870575,0.0,17.687074829931973,92.51700680272108,0.8462585034013606,100.0,0,0.0,0.01022954478101222,0.03668812508694823,-11.134260000000003,-21.0,-8.960623076923081,0,0
Eagle_office_Amanda,peak_late_1h,risk,147,-0.4481908734695316,0.33258163265306123,0.0,20.408163265306122,87.07482993197279,0.6183673469387756,100.0,0,0.0,0.024018076482881495,0.07470670448965393,-10.134066666666667,-20.014200000000017,-7.431296666666666,0,0
Eagle_office_Amanda,peak_late_1h,rule,147,0.0,0.0,0.0,0.0,0.0,0.0,100.0,0,0.0,0.0,0.0,0.0,0.0,0.0,0,0
Eagle_office_Amanda,peak_late_1h,weekly,147,8.342532879145818,1.5831435374149652,0.0,28.57142857142857,98.63945578231292,1.44421768707483,100.0,0,0.0,0.007938844412739458,0.01398267080658115,-17.139120000000002,-21.05290000000008,-10.553333333333336,0,0
Fox_office_Alice,bias_minus_10pct,full,147,2.8091883534337185,12.014965986394557,2.9967036260113873,2.7210884353741496,93.87755102040816,1.1081632653061222,100.0,0,0.0,0.14817869842969528,0.4409354500996414,-1.8166666666666667,-21.0,-6.8125,0,0
Fox_office_Alice,bias_minus_10pct,point,147,2.8159296218341923,11.968979591836733,3.060161820075312,3.4013605442176873,100.0,1.0387755102040817,100.0,0,0.0,0.028554453827729004,0.1014445373148191,-1.8853333333333315,-21.0,-8.027999999999997,0,0
Fox_office_Alice,bias_minus_10pct,risk,147,2.8845902577475897,12.310204081632651,2.9967036260113873,3.4013605442176873,100.0,1.1510204081632651,100.0,0,0.0,0.14817869842969528,0.4409354500996414,-0.8660000000000007,-21.0,-5.856000000000006,0,0
Fox_office_Alice,bias_minus_10pct,rule,147,0.0,0.0,0.0,0.0,0.0,0.0,100.0,0,0.0,0.0,0.0,0.0,0.0,0.0,0,0
Fox_office_Alice,bias_minus_10pct,weekly,147,2.5490993114448544,10.825238095238095,2.7387762177153725,3.4013605442176873,98.63945578231292,0.9863945578231292,100.0,0,0.0,0.025547185429248352,0.07604458332061757,-2.3559999999999985,-21.0,-8.014,0,0
Fox_office_Alice,bias_plus_10pct,full,147,2.7071776089733133,11.595850340136053,2.989507874436397,2.7210884353741496,91.83673469387756,1.0687074829931973,100.0,0,0.0,0.1258848018454844,0.47171361689688635,-2.0706666666666704,-21.0,-7.765000000000015,0,0
Fox_office_Alice,bias_plus_10pct,point,147,2.761003069778919,11.756462585034013,2.9846291598268917,3.4013605442176873,99.31972789115646,1.007482993197279,100.0,0,0.0,0.021148095213092206,0.0670243705681059,-1.8059999999999983,-21.0,-8.027999999999997,0,0
Fox_office_Alice,bias_plus_10pct,risk,147,2.8024965286446446,11.972244897959182,2.989507874436397,2.7210884353741496,100.0,1.1258503401360545,100.0,0,0.0,0.1258848018454844,0.47171361689688635,-1.421333333333333,-21.0,-7.765000000000015,0,0
Fox_office_Alice,bias_plus_10pct,rule,147,0.0,0.0,0.0,0.0,0.0,0.0,100.0,0,0.0,0.0,0.0,0.0,0.0,0.0,0,0
Fox_office_Alice,bias_plus_10pct,weekly,147,2.5490993114448544,10.825238095238095,2.7387762177153725,3.4013605442176873,98.63945578231292,0.9863945578231292,100.0,0,0.0,0.026010456612590244,0.07752182928961696,-2.3559999999999985,-21.0,-8.014,0,0
Fox_office_Alice,none,full,147,2.75353074856923,11.777823129251699,2.9846291598268917,2.7210884353741496,93.87755102040816,1.098639455782313,100.0,0,0.0,0.13807149405462896,0.467321820708457,-1.6040000000000039,-21.0,-6.015000000000015,0,0
Fox_office_Alice,none,point,147,2.7955949246322214,11.908163265306122,3.060161820075312,3.4013605442176873,100.0,1.0204081632653061,100.0,0,0.0,0.025842901391331993,0.10051332943257875,-1.421999999999999,-21.0,-6.638,0,0
Fox_office_Alice,none,risk,147,2.839738964074236,12.120884353741495,2.9846291598268917,2.7210884353741496,100.0,1.1428571428571428,100.0,0,0.0,0.13807149405462896,0.467321820708457,-0.5679999999999988,-21.0,-6.015000000000015,0,0
Fox_office_Alice,none,rule,147,0.0,0.0,0.0,0.0,0.0,0.0,100.0,0,0.0,0.0,0.0,0.0,0.0,0.0,0,0
Fox_office_Alice,none,weekly,147,2.5490993114448544,10.825238095238095,2.7387762177153725,3.4013605442176873,98.63945578231292,0.9863945578231292,100.0,0,0.0,0.026023193569394577,0.07772392869810572,-2.3559999999999985,-21.0,-8.014,0,0
Fox_office_Alice,peak_early_1h,full,147,2.1345559059627996,9.031088435374148,2.191542558973798,10.884353741496598,97.27891156462584,1.492517006802721,100.0,0,0.0,0.12506735686182685,0.482292775006499,-7.191333333333342,-21.0,-6.74312500000001,0,0
Fox_office_Alice,peak_early_1h,point,147,2.334998716896864,9.899999999999999,2.5646069487816288,8.843537414965986,100.0,1.4312925170068025,100.0,0,0.0,0.033652059527171055,0.14093197073088953,-5.444666666666675,-21.0,-6.323846153846166,0,0
Fox_office_Alice,peak_early_1h,risk,147,2.1722856231901764,9.186666666666664,2.191542558973798,10.884353741496598,100.0,1.5224489795918368,100.0,0,0.0,0.12506735686182685,0.482292775006499,-7.191333333333342,-21.0,-6.74312500000001,0,0
Fox_office_Alice,peak_early_1h,rule,147,0.0,0.0,0.0,0.0,0.0,0.0,100.0,0,0.0,0.0,0.0,0.0,0.0,0.0,0,0
Fox_office_Alice,peak_early_1h,weekly,147,2.5490993114448544,10.825238095238095,2.7387762177153725,3.4013605442176873,98.63945578231292,0.9863945578231292,100.0,0,0.0,0.025985577384478785,0.0775135123869404,-2.3559999999999985,-21.0,-8.014,0,0
Fox_office_Alice,peak_late_1h,full,147,2.373087990615319,10.109183673469387,2.692529730977953,2.0408163265306123,80.95238095238095,0.7836734693877551,100.0,0,0.0,0.11288545889895549,0.4000328955822622,-0.8179999999999988,-7.0,-4.089999999999994,0,0
Fox_office_Alice,peak_late_1h,point,147,2.48251715331817,10.525442176870747,2.523874488403816,1.3605442176870748,98.63945578231292,0.7272108843537415,100.0,0,0.0,0.02538290706924068,0.08161925818421871,-0.25266666666666804,-7.0,-3.5250000000000057,0,0
Fox_office_Alice,peak_late_1h,risk,147,2.565968613858881,10.936666666666666,2.889624484480133,2.0408163265306123,98.63945578231292,0.8816326530612244,100.0,0,0.0,0.11288545889895549,0.4000328955822622,-0.6719999999999989,-7.0,-4.089999999999994,0,0
Fox_office_Alice,peak_late_1h,rule,147,0.0,0.0,0.0,0.0,0.0,0.0,100.0,0,0.0,0.0,0.0,0.0,0.0,0.0,0,0
Fox_office_Alice,peak_late_1h,weekly,147,2.5490993114448544,10.825238095238095,2.7387762177153725,3.4013605442176873,98.63945578231292,0.9863945578231292,100.0,0,0.0,0.02583681121563577,0.0839983875979668,-2.3559999999999985,-21.0,-8.014,0,0
