building,month,mean_kw,zero_hours,total_hours,zero_all_day_count
Bull_office_Anne,2017-08,20.956666666666667,1,600,0
Bull_office_Anne,2017-09,20.09861111111111,0,720,0
Bull_office_Anne,2017-10,20.08467741935484,0,744,0
Bull_office_Anne,2017-11,18.51890756302521,74,720,0
Bull_office_Anne,2017-12,19.90700808625337,14,744,0
Eagle_office_Amanda,2017-08,253.19423916666668,1,600,0
Eagle_office_Amanda,2017-09,244.37670402777778,1,720,0
Eagle_office_Amanda,2017-10,33.00571155913978,635,744,26
Eagle_office_Amanda,2017-11,227.8767366666667,174,720,6
Eagle_office_Amanda,2017-12,212.05138508064516,262,744,0
Fox_office_Alice,2017-08,376.8842333333333,0,600,0
Fox_office_Alice,2017-09,368.4332222222223,0,720,0
Fox_office_Alice,2017-10,359.8979704301075,0,744,0
Fox_office_Alice,2017-11,357.5819583333333,0,720,0
Fox_office_Alice,2017-12,335.95033602150534,1,744,0
