building,group,model,n_hours,mae,rmse
Bull_office_Anne,all_observed,weekly,3520,2.1835227272727273,5.0463617632364155
Bull_office_Anne,all_observed,daily,3520,2.0332386363636363,4.40339809382791
Bull_office_Anne,all_observed,linear,3520,1.8098567665553322,3.34949374820962
Bull_office_Anne,all_observed,ai,3520,1.3695559293213364,2.6126216077513233
Bull_office_Anne,strictly_positive_hours,weekly,3431,1.7382687263188574,3.9675711107425893
Bull_office_Anne,strictly_positive_hours,daily,3431,1.813465461964442,3.773517532380309
Bull_office_Anne,strictly_positive_hours,linear,3431,1.4764475999580973,2.3668957151982988
Bull_office_Anne,strictly_positive_hours,ai,3431,1.175711155643648,2.000258643494601
Bull_office_Anne,complete_days_without_zero,weekly,3288,1.7028588807785887,3.9031188789182902
Bull_office_Anne,complete_days_without_zero,daily,3288,1.6700121654501217,3.26898813931587
Bull_office_Anne,complete_days_without_zero,linear,3288,1.3343654267894185,1.8782554385638883
Bull_office_Anne,complete_days_without_zero,ai,3288,1.057966602882826,1.5443124215458197
Eagle_office_Amanda,all_observed,weekly,3528,73.9275679138322,137.71031133949302
Eagle_office_Amanda,all_observed,daily,3528,51.63236729024942,112.28420586922726
Eagle_office_Amanda,all_observed,linear,3528,62.06292329362151,99.55204480823065
Eagle_office_Amanda,all_observed,ai,3528,100.00179359811061,156.25170899669715
Eagle_office_Amanda,strictly_positive_hours,weekly,2455,62.30612631364563,119.41168995301335
Eagle_office_Amanda,strictly_positive_hours,daily,2455,49.01563209775967,99.43781601828404
Eagle_office_Amanda,strictly_positive_hours,linear,2455,30.124928683156753,46.383207522910276
Eagle_office_Amanda,strictly_positive_hours,ai,2455,23.192416602153223,29.857173778200952
Eagle_office_Amanda,complete_days_without_zero,weekly,1992,51.24050040160643,102.20858831544757
Eagle_office_Amanda,complete_days_without_zero,daily,1992,34.91535988955823,67.25373455831786
Eagle_office_Amanda,complete_days_without_zero,linear,1992,24.104149735376435,33.67025108184836
Eagle_office_Amanda,complete_days_without_zero,ai,1992,22.167324149969527,27.96537141613536
Fox_office_Alice,all_observed,weekly,3528,11.420150226757372,20.600379690571035
Fox_office_Alice,all_observed,daily,3528,16.01013888888889,27.58193276599212
Fox_office_Alice,all_observed,linear,3528,10.481396855403762,17.039783415201235
Fox_office_Alice,all_observed,ai,3528,8.551126388688743,15.631572999336123
Fox_office_Alice,strictly_positive_hours,weekly,3527,11.327482279557698,19.800374898719856
Fox_office_Alice,strictly_positive_hours,daily,3527,15.925605330309045,27.07389111847184
Fox_office_Alice,strictly_positive_hours,linear,3527,10.392021313704275,16.13561901917522
Fox_office_Alice,strictly_positive_hours,ai,3527,8.459862354259743,14.610167018126754
Fox_office_Alice,complete_days_without_zero,weekly,3504,11.147311643835618,19.46709219526154
Fox_office_Alice,complete_days_without_zero,daily,3504,15.950827625570776,27.063168102628737
Fox_office_Alice,complete_days_without_zero,linear,3504,10.217020194594673,15.733734721235274
Fox_office_Alice,complete_days_without_zero,ai,3504,8.32108112642636,14.253813458784073
