building,method,group,n_days,mean_reduction_pct,mean_gain_kw,negative_pct
Bull_office_Anne,full,all_complete_days,141,28.450484483876608,16.70212765957447,0.0
Bull_office_Anne,full,complete_days_without_zero,137,28.74392117295223,16.817518248175183,0.0
Bull_office_Anne,iid,all_complete_days,141,28.45618556731751,16.70212765957447,0.0
Bull_office_Anne,iid,complete_days_without_zero,137,28.772248003916395,16.83211678832117,0.0
Bull_office_Anne,iid_screen,all_complete_days,141,28.45618556731751,16.70212765957447,0.0
Bull_office_Anne,iid_screen,complete_days_without_zero,137,28.772248003916395,16.83211678832117,0.0
Bull_office_Anne,mean,all_complete_days,141,28.49887394568286,16.72340425531915,0.0
Bull_office_Anne,mean,complete_days_without_zero,137,28.79372346576012,16.83941605839416,0.0
Bull_office_Anne,mean_screen,all_complete_days,141,28.49887394568286,16.72340425531915,0.0
Bull_office_Anne,mean_screen,complete_days_without_zero,137,28.79372346576012,16.83941605839416,0.0
Bull_office_Anne,oracle,all_complete_days,141,30.53633184395934,17.907801418439718,0.0
Bull_office_Anne,oracle,complete_days_without_zero,137,30.544005534741302,17.802919708029197,0.0
Bull_office_Anne,point,all_complete_days,141,28.143334184715858,16.49645390070922,0.0
Bull_office_Anne,point,complete_days_without_zero,137,28.450262274377465,16.62043795620438,0.0
Bull_office_Anne,risk,all_complete_days,141,28.450484483876608,16.70212765957447,0.0
Bull_office_Anne,risk,complete_days_without_zero,137,28.74392117295223,16.817518248175183,0.0
Bull_office_Anne,rule,all_complete_days,141,0.0,0.0,0.0
Bull_office_Anne,rule,complete_days_without_zero,137,0.0,0.0,0.0
Bull_office_Anne,weekly,all_complete_days,141,27.851130962039097,16.361702127659573,0.0
Bull_office_Anne,weekly,complete_days_without_zero,137,28.127068278214356,16.467153284671532,0.0
Eagle_office_Amanda,full,all_complete_days,147,0.11732037212781522,0.4696965986394556,0.0
Eagle_office_Amanda,full,complete_days_without_zero,83,0.0949952634084682,0.325848192771084,0.0
Eagle_office_Amanda,full,all_zero_days,32,0.0,0.0,0.0
Eagle_office_Amanda,iid,all_complete_days,147,0.994251266501774,1.5899768707482989,14.965986394557824
Eagle_office_Amanda,iid,complete_days_without_zero,83,0.3160174791519687,1.1661710843373487,19.27710843373494
Eagle_office_Amanda,iid,all_zero_days,32,3.1324404761904763,1.53125,9.375
Eagle_office_Amanda,iid_screen,all_complete_days,147,0.04028246341225497,0.19047619047619047,0.0
Eagle_office_Amanda,iid_screen,complete_days_without_zero,83,0.0,0.0,0.0
Eagle_office_Amanda,iid_screen,all_zero_days,32,0.0,0.0,0.0
Eagle_office_Amanda,mean,all_complete_days,147,1.0053022552312072,1.664904761904762,20.408163265306122
Eagle_office_Amanda,mean,complete_days_without_zero,83,0.2802255967112367,1.0714506024096384,22.89156626506024
Eagle_office_Amanda,mean,all_zero_days,32,3.1622023809523814,1.75,28.125
Eagle_office_Amanda,mean_screen,all_complete_days,147,0.10343788306638367,0.42207755102040795,0.0
Eagle_office_Amanda,mean_screen,complete_days_without_zero,83,0.07040820446834241,0.24151084337349366,0.0
Eagle_office_Amanda,mean_screen,all_zero_days,32,0.0,0.0,0.0
Eagle_office_Amanda,oracle,all_complete_days,147,11.895007084952322,8.583774149659861,0.0
Eagle_office_Amanda,oracle,complete_days_without_zero,83,1.6326156306149062,5.275479518072285,0.0
Eagle_office_Amanda,oracle,all_zero_days,32,48.13988095238095,17.0625,0.0
Eagle_office_Amanda,point,all_complete_days,147,1.3760760305057864,1.7876925170068028,16.3265306122449
Eagle_office_Amanda,point,complete_days_without_zero,83,0.2786630562016411,1.0226602409638554,22.89156626506024
Eagle_office_Amanda,point,all_zero_days,32,4.799107142857143,2.1875,9.375
Eagle_office_Amanda,risk,all_complete_days,147,0.3451145659409705,1.3459476190476194,19.727891156462583
Eagle_office_Amanda,risk,complete_days_without_zero,83,0.20535255072822103,0.8428566265060248,21.686746987951807
Eagle_office_Amanda,risk,all_zero_days,32,0.2678571428571428,0.65625,28.125
Eagle_office_Amanda,rule,all_complete_days,147,0.0,0.0,0.0
Eagle_office_Amanda,rule,complete_days_without_zero,83,0.0,0.0,0.0
Eagle_office_Amanda,rule,all_zero_days,32,0.0,0.0,0.0
Eagle_office_Amanda,weekly,all_complete_days,147,8.342532879145818,1.5831435374149652,28.57142857142857
Eagle_office_Amanda,weekly,complete_days_without_zero,83,-0.7782459721249217,-2.628889156626507,43.373493975903614
Eagle_office_Amanda,weekly,all_zero_days,32,40.327380952380956,14.4375,0.0
Fox_office_Alice,full,all_complete_days,147,2.75353074856923,11.777823129251699,2.7210884353741496
Fox_office_Alice,full,complete_days_without_zero,146,2.73381837968965,11.714657534246573,2.73972602739726
Fox_office_Alice,iid,all_complete_days,147,2.5479815752902915,10.93394557823129,4.761904761904762
Fox_office_Alice,iid,complete_days_without_zero,146,2.5268613353608558,10.864999999999998,4.794520547945205
Fox_office_Alice,iid_screen,all_complete_days,147,0.7605290868219592,3.2767346938775503,0.0
Fox_office_Alice,iid_screen,complete_days_without_zero,146,0.7657381901563561,3.29917808219178,0.0
Fox_office_Alice,mean,all_complete_days,147,2.8735307827886842,12.266802721088435,3.4013605442176873
Fox_office_Alice,mean,complete_days_without_zero,146,2.854640331951703,12.206986301369863,3.4246575342465753
Fox_office_Alice,mean_screen,all_complete_days,147,2.802816653057377,11.980476190476189,3.4013605442176873
Fox_office_Alice,mean_screen,complete_days_without_zero,146,2.783441858866072,11.918698630136985,3.4246575342465753
Fox_office_Alice,oracle,all_complete_days,147,3.6261913446923666,15.403809523809521,0.0
Fox_office_Alice,oracle,complete_days_without_zero,146,3.610141773071854,15.356849315068493,0.0
Fox_office_Alice,point,all_complete_days,147,2.7955949246322214,11.908163265306122,3.4013605442176873
Fox_office_Alice,point,complete_days_without_zero,146,2.776170666547593,11.845890410958905,3.4246575342465753
Fox_office_Alice,risk,all_complete_days,147,2.839738964074236,12.120884353741495,2.7210884353741496
Fox_office_Alice,risk,complete_days_without_zero,146,2.820617062424142,12.060068493150684,2.73972602739726
Fox_office_Alice,rule,all_complete_days,147,0.0,0.0,0.0
Fox_office_Alice,rule,complete_days_without_zero,146,0.0,0.0,0.0
Fox_office_Alice,weekly,all_complete_days,147,2.5490993114448544,10.825238095238095,3.4013605442176873
Fox_office_Alice,weekly,complete_days_without_zero,146,2.5314398547106642,10.768424657534247,3.4246575342465753
