building,risk_weight,shift_penalty,threshold_kw,score,gain_kw,recommendation_rate,n_days
Bull_office_Anne,0.25,0.0,0.0,20.916363636363638,21.09090909090909,1.0,11
Bull_office_Anne,0.25,0.0,0.5,20.916363636363638,21.09090909090909,1.0,11
Bull_office_Anne,0.25,0.0,1.0,20.916363636363638,21.09090909090909,1.0,11
Bull_office_Anne,0.25,0.0,2.0,20.916363636363638,21.09090909090909,1.0,11
Bull_office_Anne,0.25,0.5,0.0,20.94636363636364,21.09090909090909,1.0,11
Bull_office_Anne,0.25,0.5,0.5,20.94636363636364,21.09090909090909,1.0,11
Bull_office_Anne,0.25,0.5,1.0,20.94636363636364,21.09090909090909,1.0,11
Bull_office_Anne,0.25,0.5,2.0,20.94636363636364,21.09090909090909,1.0,11
Bull_office_Anne,0.25,2.0,0.0,20.958181818181817,21.09090909090909,1.0,11
Bull_office_Anne,0.25,2.0,0.5,20.958181818181817,21.09090909090909,1.0,11
Bull_office_Anne,0.25,2.0,1.0,20.958181818181817,21.09090909090909,1.0,11
Bull_office_Anne,0.25,2.0,2.0,20.958181818181817,21.09090909090909,1.0,11
Bull_office_Anne,0.5,0.0,0.0,20.92818181818182,21.09090909090909,1.0,11
Bull_office_Anne,0.5,0.0,0.5,20.92818181818182,21.09090909090909,1.0,11
Bull_office_Anne,0.5,0.0,1.0,20.92818181818182,21.09090909090909,1.0,11
Bull_office_Anne,0.5,0.0,2.0,20.92818181818182,21.09090909090909,1.0,11
Bull_office_Anne,0.5,0.5,0.0,20.94636363636364,21.09090909090909,1.0,11
Bull_office_Anne,0.5,0.5,0.5,20.94636363636364,21.09090909090909,1.0,11
Bull_office_Anne,0.5,0.5,1.0,20.94636363636364,21.09090909090909,1.0,11
Bull_office_Anne,0.5,0.5,2.0,20.94636363636364,21.09090909090909,1.0,11
Bull_office_Anne,0.5,2.0,0.0,20.956363636363637,21.09090909090909,1.0,11
Bull_office_Anne,0.5,2.0,0.5,20.956363636363637,21.09090909090909,1.0,11
Bull_office_Anne,0.5,2.0,1.0,20.956363636363637,21.09090909090909,1.0,11
Bull_office_Anne,0.5,2.0,2.0,20.956363636363637,21.09090909090909,1.0,11
Bull_office_Anne,0.75,0.0,0.0,20.912727272727274,21.09090909090909,1.0,11
Bull_office_Anne,0.75,0.0,0.5,20.912727272727274,21.09090909090909,1.0,11
Bull_office_Anne,0.75,0.0,1.0,20.912727272727274,21.09090909090909,1.0,11
Bull_office_Anne,0.75,0.0,2.0,20.912727272727274,21.09090909090909,1.0,11
Bull_office_Anne,0.75,0.5,0.0,20.94636363636364,21.09090909090909,1.0,11
Bull_office_Anne,0.75,0.5,0.5,20.94636363636364,21.09090909090909,1.0,11
Bull_office_Anne,0.75,0.5,1.0,20.94636363636364,21.09090909090909,1.0,11
Bull_office_Anne,0.75,0.5,2.0,20.94636363636364,21.09090909090909,1.0,11
Bull_office_Anne,0.75,2.0,0.0,20.951818181818183,21.09090909090909,1.0,11
Bull_office_Anne,0.75,2.0,0.5,20.951818181818183,21.09090909090909,1.0,11
Bull_office_Anne,0.75,2.0,1.0,20.951818181818183,21.09090909090909,1.0,11
Bull_office_Anne,0.75,2.0,2.0,20.951818181818183,21.09090909090909,1.0,11
Eagle_office_Amanda,0.25,0.0,0.0,0.0,0.0,0.0,11
Eagle_office_Amanda,0.25,0.0,0.5,0.0,0.0,0.0,11
Eagle_office_Amanda,0.25,0.0,1.0,0.0,0.0,0.0,11
Eagle_office_Amanda,0.25,0.0,2.0,0.0,0.0,0.0,11
Eagle_office_Amanda,0.25,0.5,0.0,0.0,0.0,0.0,11
Eagle_office_Amanda,0.25,0.5,0.5,0.0,0.0,0.0,11
Eagle_office_Amanda,0.25,0.5,1.0,0.0,0.0,0.0,11
Eagle_office_Amanda,0.25,0.5,2.0,0.0,0.0,0.0,11
Eagle_office_Amanda,0.25,2.0,0.0,0.0,0.0,0.0,11
Eagle_office_Amanda,0.25,2.0,0.5,0.0,0.0,0.0,11
Eagle_office_Amanda,0.25,2.0,1.0,0.0,0.0,0.0,11
Eagle_office_Amanda,0.25,2.0,2.0,0.0,0.0,0.0,11
Eagle_office_Amanda,0.5,0.0,0.0,0.0,0.0,0.0,11
Eagle_office_Amanda,0.5,0.0,0.5,0.0,0.0,0.0,11
Eagle_office_Amanda,0.5,0.0,1.0,0.0,0.0,0.0,11
Eagle_office_Amanda,0.5,0.0,2.0,0.0,0.0,0.0,11
Eagle_office_Amanda,0.5,0.5,0.0,0.0,0.0,0.0,11
Eagle_office_Amanda,0.5,0.5,0.5,0.0,0.0,0.0,11
Eagle_office_Amanda,0.5,0.5,1.0,0.0,0.0,0.0,11
Eagle_office_Amanda,0.5,0.5,2.0,0.0,0.0,0.0,11
Eagle_office_Amanda,0.5,2.0,0.0,0.0,0.0,0.0,11
Eagle_office_Amanda,0.5,2.0,0.5,0.0,0.0,0.0,11
Eagle_office_Amanda,0.5,2.0,1.0,0.0,0.0,0.0,11
Eagle_office_Amanda,0.5,2.0,2.0,0.0,0.0,0.0,11
Eagle_office_Amanda,0.75,0.0,0.0,0.0,0.0,0.0,11
Eagle_office_Amanda,0.75,0.0,0.5,0.0,0.0,0.0,11
Eagle_office_Amanda,0.75,0.0,1.0,0.0,0.0,0.0,11
Eagle_office_Amanda,0.75,0.0,2.0,0.0,0.0,0.0,11
Eagle_office_Amanda,0.75,0.5,0.0,0.0,0.0,0.0,11
Eagle_office_Amanda,0.75,0.5,0.5,0.0,0.0,0.0,11
Eagle_office_Amanda,0.75,0.5,1.0,0.0,0.0,0.0,11
Eagle_office_Amanda,0.75,0.5,2.0,0.0,0.0,0.0,11
Eagle_office_Amanda,0.75,2.0,0.0,0.0,0.0,0.0,11
Eagle_office_Amanda,0.75,2.0,0.5,0.0,0.0,0.0,11
Eagle_office_Amanda,0.75,2.0,1.0,0.0,0.0,0.0,11
Eagle_office_Amanda,0.75,2.0,2.0,0.0,0.0,0.0,11
Fox_office_Alice,0.25,0.0,0.0,13.005454545454548,13.110909090909093,0.8181818181818182,11
Fox_office_Alice,0.25,0.0,0.5,13.005454545454548,13.110909090909093,0.8181818181818182,11
Fox_office_Alice,0.25,0.0,1.0,13.005454545454548,13.110909090909093,0.8181818181818182,11
Fox_office_Alice,0.25,0.0,2.0,13.005454545454548,13.110909090909093,0.8181818181818182,11
Fox_office_Alice,0.25,0.5,0.0,13.24181818181819,13.337272727272735,0.8181818181818182,11
Fox_office_Alice,0.25,0.5,0.5,13.24181818181819,13.337272727272735,0.8181818181818182,11
Fox_office_Alice,0.25,0.5,1.0,13.24181818181819,13.337272727272735,0.8181818181818182,11
Fox_office_Alice,0.25,0.5,2.0,13.24181818181819,13.337272727272735,0.8181818181818182,11
Fox_office_Alice,0.25,2.0,0.0,11.774545454545459,11.854545454545457,0.8181818181818182,11
Fox_office_Alice,0.25,2.0,0.5,11.774545454545459,11.854545454545457,0.8181818181818182,11
Fox_office_Alice,0.25,2.0,1.0,11.774545454545459,11.854545454545457,0.8181818181818182,11
Fox_office_Alice,0.25,2.0,2.0,11.774545454545459,11.854545454545457,0.8181818181818182,11
Fox_office_Alice,0.5,0.0,0.0,13.233636363636373,13.337272727272735,0.8181818181818182,11
Fox_office_Alice,0.5,0.0,0.5,13.233636363636373,13.337272727272735,0.8181818181818182,11
Fox_office_Alice,0.5,0.0,1.0,13.233636363636373,13.337272727272735,0.8181818181818182,11
Fox_office_Alice,0.5,0.0,2.0,13.233636363636373,13.337272727272735,0.8181818181818182,11
Fox_office_Alice,0.5,0.5,0.0,13.180000000000007,13.270909090909099,0.8181818181818182,11
Fox_office_Alice,0.5,0.5,0.5,13.180000000000007,13.270909090909099,0.8181818181818182,11
Fox_office_Alice,0.5,0.5,1.0,13.180000000000007,13.270909090909099,0.8181818181818182,11
Fox_office_Alice,0.5,0.5,2.0,13.180000000000007,13.270909090909099,0.8181818181818182,11
Fox_office_Alice,0.5,2.0,0.0,12.057272727272732,12.134545454545462,0.8181818181818182,11
Fox_office_Alice,0.5,2.0,0.5,12.057272727272732,12.134545454545462,0.8181818181818182,11
Fox_office_Alice,0.5,2.0,1.0,12.057272727272732,12.134545454545462,0.8181818181818182,11
Fox_office_Alice,0.5,2.0,2.0,12.057272727272732,12.134545454545462,0.8181818181818182,11
Fox_office_Alice,0.75,0.0,0.0,11.786363636363644,11.8709090909091,0.7272727272727273,11
Fox_office_Alice,0.75,0.0,0.5,11.786363636363644,11.8709090909091,0.7272727272727273,11
Fox_office_Alice,0.75,0.0,1.0,11.786363636363644,11.8709090909091,0.7272727272727273,11
Fox_office_Alice,0.75,0.0,2.0,11.786363636363644,11.8709090909091,0.7272727272727273,11
Fox_office_Alice,0.75,0.5,0.0,11.867272727272734,11.947272727272734,0.7272727272727273,11
Fox_office_Alice,0.75,0.5,0.5,11.867272727272734,11.947272727272734,0.7272727272727273,11
Fox_office_Alice,0.75,0.5,1.0,11.867272727272734,11.947272727272734,0.7272727272727273,11
Fox_office_Alice,0.75,0.5,2.0,11.867272727272734,11.947272727272734,0.7272727272727273,11
Fox_office_Alice,0.75,2.0,0.0,11.239090909090914,11.310909090909098,0.7272727272727273,11
Fox_office_Alice,0.75,2.0,0.5,11.239090909090914,11.310909090909098,0.7272727272727273,11
Fox_office_Alice,0.75,2.0,1.0,11.239090909090914,11.310909090909098,0.7272727272727273,11
Fox_office_Alice,0.75,2.0,2.0,11.239090909090914,11.310909090909098,0.7272727272727273,11
