building,site,training_valid,training_positive,weather_training_valid,eligible,selected
Bobcat_office_Alma,Bobcat,0.9076293759512938,0.8949771689497716,0.9973363774733638,False,False
Bobcat_office_Justine,Bobcat,0.655441400304414,0.654490106544901,0.9973363774733638,False,False
Bobcat_office_Kassandra,Bobcat,0.7959474885844748,0.7959474885844748,0.9973363774733638,False,False
Bobcat_office_Melody,Bobcat,0.6640981735159818,0.6639079147640792,0.9973363774733638,False,False
Bobcat_office_Nikita,Bobcat,0.8964992389649924,0.8929794520547946,0.9973363774733638,False,False
Bull_office_Anne,Bull,0.9978120243531202,0.976978691019787,0.9981925418569254,True,True
Bull_office_Chantel,Bull,0.9981925418569254,0.9651826484018264,0.9981925418569254,True,False
Bull_office_Claudia,Bull,0.9982876712328768,0.9798325722983258,0.9981925418569254,True,False
Bull_office_Debbie,Bull,0.9978120243531202,0.9746955859969558,0.9981925418569254,True,False
Bull_office_Efren,Bull,0.9996194824961948,0.9812595129375952,0.9981925418569254,True,False
Bull_office_Ella,Bull,0.9995243531202436,0.9811643835616438,0.9981925418569254,True,False
Bull_office_Hilton,Bull,0.997716894977169,0.9645167427701674,0.9981925418569254,True,False
Bull_office_Ivette,Bull,0.9981925418569254,0.9675608828006088,0.9981925418569254,True,False
Bull_office_Lilla,Bull,0.998382800608828,0.9801179604261796,0.9981925418569254,True,False
Bull_office_Mai,Bull,0.9981925418569254,0.860730593607306,0.9981925418569254,False,False
Bull_office_Marco,Bull,0.9984779299847792,0.8729071537290716,0.9981925418569254,False,False
Bull_office_Myron,Bull,0.9980022831050228,0.977644596651446,0.9981925418569254,True,False
Bull_office_Nicolas,Bull,0.9980022831050228,0.9770738203957382,0.9981925418569254,True,False
Bull_office_Rob,Bull,0.9981925418569254,0.9710806697108066,0.9981925418569254,True,False
Bull_office_Sally,Bull,0.999334094368341,0.978310502283105,0.9981925418569254,True,False
Bull_office_Trevor,Bull,0.9997146118721462,0.5889459665144596,0.9981925418569254,False,False
Bull_office_Yvonne,Bull,0.9980022831050228,0.9770738203957382,0.9981925418569254,True,False
Cockatoo_office_Ada,Cockatoo,0.6471651445966514,0.6471651445966514,0.9657534246575342,False,False
Cockatoo_office_Alton,Cockatoo,0.8726217656012176,0.8726217656012176,0.9657534246575342,False,False
Cockatoo_office_Christy,Cockatoo,0.8721461187214612,0.8721461187214612,0.9657534246575342,False,False
Cockatoo_office_Delores,Cockatoo,0.8726217656012176,0.8726217656012176,0.9657534246575342,False,False
Cockatoo_office_Elbert,Cockatoo,0.871099695585997,0.871099695585997,0.9657534246575342,False,False
Cockatoo_office_Gail,Cockatoo,0.8723363774733638,0.8721461187214612,0.9657534246575342,False,False
Cockatoo_office_Georgia,Cockatoo,0.8725266362252664,0.8725266362252664,0.9657534246575342,False,False
Cockatoo_office_Giovanni,Cockatoo,0.8699581430745814,0.8699581430745814,0.9657534246575342,False,False
Cockatoo_office_Jimmy,Cockatoo,0.8711948249619482,0.8711948249619482,0.9657534246575342,False,False
Cockatoo_office_Jodie,Cockatoo,0.8723363774733638,0.8723363774733638,0.9657534246575342,False,False
Cockatoo_office_Kristin,Cockatoo,0.872431506849315,0.872431506849315,0.9657534246575342,False,False
Cockatoo_office_Laila,Cockatoo,0.8718607305936074,0.8718607305936074,0.9657534246575342,False,False
Cockatoo_office_Lorraine,Cockatoo,0.8691019786910198,0.8691019786910198,0.9657534246575342,False,False
Cockatoo_office_Margaret,Cockatoo,0.870814307458143,0.870814307458143,0.9657534246575342,False,False
Cockatoo_office_Paige,Cockatoo,0.8726217656012176,0.8726217656012176,0.9657534246575342,False,False
Cockatoo_office_Pansy,Cockatoo,0.8721461187214612,0.8721461187214612,0.9657534246575342,False,False
Cockatoo_office_Rodney,Cockatoo,0.8726217656012176,0.8726217656012176,0.9657534246575342,False,False
Cockatoo_office_Roxanna,Cockatoo,0.8707191780821918,0.8707191780821918,0.9657534246575342,False,False
Eagle_office_Amanda,Eagle,1.0,0.9949581430745814,0.9992389649923896,True,True
Eagle_office_Amie,Eagle,0.6812214611872146,0.6812214611872146,0.9992389649923896,False,False
Eagle_office_Bridgett,Eagle,1.0,0.9945776255707762,0.9992389649923896,True,False
Eagle_office_Chantelle,Eagle,0.9860159817351598,0.9309360730593608,0.9992389649923896,False,False
Eagle_office_Chauncey,Eagle,1.0,0.9437785388127854,0.9992389649923896,False,False
Eagle_office_Dallas,Eagle,1.0,0.9901065449010654,0.9992389649923896,True,False
Eagle_office_Damian,Eagle,1.0,0.9292237442922374,0.9992389649923896,False,False
Eagle_office_Demetra,Eagle,1.0,0.9851598173515982,0.9992389649923896,True,False
Eagle_office_Donovan,Eagle,1.0,0.994482496194825,0.9992389649923896,True,False
Eagle_office_Efrain,Eagle,0.9999048706240488,0.9850646879756468,0.9992389649923896,True,False
Eagle_office_Elia,Eagle,1.0,0.9345509893455098,0.9992389649923896,False,False
Eagle_office_Elias,Eagle,1.0,0.9292237442922374,0.9992389649923896,False,False
Eagle_office_Elvis,Eagle,1.0,0.9853500761035008,0.9992389649923896,True,False
Eagle_office_Flossie,Eagle,1.0,0.9936263318112634,0.9992389649923896,True,False
Eagle_office_Francis,Eagle,1.0,0.9851598173515982,0.9992389649923896,True,False
Eagle_office_Freida,Eagle,1.0,0.9850646879756468,0.9992389649923896,True,False
Eagle_office_Henriette,Eagle,1.0,0.9943873668188736,0.9992389649923896,True,False
Eagle_office_Isidro,Eagle,1.0,0.9850646879756468,0.9992389649923896,True,False
Eagle_office_Jackie,Eagle,1.0,0.9849695585996956,0.9992389649923896,True,False
Eagle_office_Jeff,Eagle,1.0,0.9851598173515982,0.9992389649923896,True,False
Eagle_office_Joette,Eagle,0.10150304414003045,0.10131278538812785,0.9992389649923896,False,False
Eagle_office_Katheleen,Eagle,1.0,0.9345509893455098,0.9992389649923896,False,False
Eagle_office_Lamont,Eagle,1.0,0.9355022831050228,0.9992389649923896,False,False
Eagle_office_Lane,Eagle,1.0,0.9843036529680366,0.9992389649923896,True,False
Eagle_office_Lillian,Eagle,1.0,0.9492960426179604,0.9992389649923896,False,False
Eagle_office_Mable,Eagle,1.0,0.9904870624048706,0.9992389649923896,True,False
Eagle_office_Mandi,Eagle,1.0,0.9356925418569254,0.9992389649923896,False,False
Eagle_office_Marisela,Eagle,0.9999048706240488,0.9336948249619482,0.9992389649923896,False,False
Eagle_office_Michele,Eagle,0.10150304414003045,0.10140791476407915,0.9992389649923896,False,False
Eagle_office_Nereida,Eagle,1.0,0.9421613394216134,0.9992389649923896,False,False
Eagle_office_Norbert,Eagle,1.0,0.9375951293759512,0.9992389649923896,False,False
Eagle_office_Patrice,Eagle,1.0,0.9851598173515982,0.9992389649923896,True,False
Eagle_office_Phyllis,Eagle,1.0,0.9356925418569254,0.9992389649923896,False,False
Eagle_office_Randolph,Eagle,1.0,0.9940068493150684,0.9992389649923896,True,False
Eagle_office_Remedios,Eagle,1.0,0.9363584474885844,0.9992389649923896,False,False
Eagle_office_Ryan,Eagle,1.0,0.9811643835616438,0.9992389649923896,True,False
Eagle_office_Sheree,Eagle,1.0,0.992579908675799,0.9992389649923896,True,False
Eagle_office_Sonya,Eagle,1.0,0.9851598173515982,0.9992389649923896,True,False
Eagle_office_Tia,Eagle,1.0,0.9330289193302892,0.9992389649923896,False,False
Eagle_office_Yadira,Eagle,1.0,0.9875380517503806,0.9992389649923896,True,False
Fox_office_Alice,Fox,0.9998097412480974,0.9998097412480974,0.9998097412480974,True,True
Fox_office_Bernard,Fox,0.9998097412480974,0.9998097412480974,0.9998097412480974,True,False
Fox_office_Berniece,Fox,0.9997146118721462,0.9992389649923896,0.9998097412480974,True,False
Fox_office_Brandy,Fox,0.9999048706240488,0.9992389649923896,0.9998097412480974,True,False
Fox_office_Carson,Fox,0.9998097412480974,0.9998097412480974,0.9998097412480974,True,False
Fox_office_Clayton,Fox,0.9999048706240488,0.9999048706240488,0.9998097412480974,True,False
Fox_office_Demetrius,Fox,0.9997146118721462,0.9997146118721462,0.9998097412480974,True,False
Fox_office_Easter,Fox,0.9906773211567732,0.9903919330289194,0.9998097412480974,False,False
Fox_office_Edythe,Fox,0.9999048706240488,0.9999048706240488,0.9998097412480974,True,False
Fox_office_Essie,Fox,0.9999048706240488,0.9985730593607306,0.9998097412480974,True,False
Fox_office_Gaylord,Fox,0.9999048706240488,0.9761225266362252,0.9998097412480974,True,False
Fox_office_Israel,Fox,0.9999048706240488,0.9998097412480974,0.9998097412480974,True,False
Fox_office_Joy,Fox,0.9998097412480974,0.9991438356164384,0.9998097412480974,True,False
Fox_office_Juana,Fox,0.9869672754946728,0.9869672754946728,0.9998097412480974,False,False
Fox_office_Karima,Fox,0.9999048706240488,0.9999048706240488,0.9998097412480974,True,False
Fox_office_Margarita,Fox,0.9997146118721462,0.9836377473363774,0.9998097412480974,True,False
Fox_office_Molly,Fox,0.9997146118721462,0.9997146118721462,0.9998097412480974,True,False
Fox_office_Rowena,Fox,0.9999048706240488,0.9979071537290716,0.9998097412480974,True,False
Fox_office_Sheila,Fox,0.9997146118721462,0.9995243531202436,0.9998097412480974,True,False
Fox_office_Susanne,Fox,0.9999048706240488,0.9999048706240488,0.9998097412480974,True,False
Fox_office_Thelma,Fox,0.9999048706240488,0.9999048706240488,0.9998097412480974,True,False
Fox_office_Vicki,Fox,0.9999048706240488,0.9992389649923896,0.9998097412480974,True,False
Fox_office_Yong,Fox,0.9997146118721462,0.9991438356164384,0.9998097412480974,True,False
Fox_office_Zachary,Fox,0.9999048706240488,0.9999048706240488,0.9998097412480974,True,False
Gator_office_August,Gator,0.8949771689497716,0.8926940639269406,0.9997146118721462,False,False
Gator_office_Betty,Gator,0.887937595129376,0.887937595129376,0.9997146118721462,False,False
Gator_office_Carrie,Gator,0.9495814307458144,0.9495814307458144,0.9997146118721462,False,False
Gator_office_Hunter,Gator,0.8673896499238964,0.8651065449010654,0.9997146118721462,False,False
Gator_office_Julie,Gator,0.938165905631659,0.9244672754946728,0.9997146118721462,False,False
Gator_office_Lisa,Gator,0.892503805175038,0.892503805175038,0.9997146118721462,False,False
Gator_office_Lucy,Gator,0.8947869101978692,0.8947869101978692,0.9997146118721462,False,False
Gator_office_Merle,Gator,0.9404490106544902,0.7761605783866058,0.9997146118721462,False,False
Hog_office_Alexis,Hog,1.0,0.9998097412480974,0.9998097412480974,True,False
Hog_office_Alisha,Hog,1.0,0.5240677321156774,0.9998097412480974,False,False
Hog_office_Almeda,Hog,1.0,1.0,0.9998097412480974,True,False
Hog_office_Bessie,Hog,1.0,1.0,0.9998097412480974,True,False
Hog_office_Betsy,Hog,1.0,1.0,0.9998097412480974,True,False
Hog_office_Bill,Hog,1.0,1.0,0.9998097412480974,True,False
Hog_office_Bryan,Hog,1.0,0.15610730593607305,0.9998097412480974,False,False
Hog_office_Buford,Hog,0.9999048706240488,0.997431506849315,0.9998097412480974,True,False
Hog_office_Byron,Hog,0.9884893455098934,0.9884893455098934,0.9998097412480974,False,False
Hog_office_Candi,Hog,0.9970509893455098,0.9970509893455098,0.9998097412480974,True,False
Hog_office_Carri,Hog,0.9941019786910198,0.9941019786910198,0.9998097412480974,False,False
Hog_office_Catalina,Hog,0.9999048706240488,0.9872526636225266,0.9998097412480974,True,False
Hog_office_Catharine,Hog,0.9716514459665144,0.9716514459665144,0.9998097412480974,False,False
Hog_office_Charla,Hog,0.9999048706240488,0.9999048706240488,0.9998097412480974,True,False
Hog_office_Clemencia,Hog,0.9994292237442922,0.9762176560121766,0.9998097412480974,True,False
Hog_office_Concetta,Hog,1.0,0.295662100456621,0.9998097412480974,False,False
Hog_office_Cordelia,Hog,1.0,0.9999048706240488,0.9998097412480974,True,False
Hog_office_Corey,Hog,0.9999048706240488,0.9899162861491628,0.9998097412480974,True,False
Hog_office_Corie,Hog,0.9999048706240488,0.9998097412480974,0.9998097412480974,True,False
Hog_office_Cornell,Hog,0.9860159817351598,0.9860159817351598,0.9998097412480974,False,False
Hog_office_Cortney,Hog,0.9913432267884322,0.990582191780822,0.9998097412480974,False,False
Hog_office_Darline,Hog,0.9999048706240488,0.9864916286149162,0.9998097412480974,True,False
Hog_office_Denita,Hog,1.0,1.0,0.9998097412480974,True,False
Hog_office_Elizbeth,Hog,0.9994292237442922,0.9982876712328768,0.9998097412480974,True,False
Hog_office_Elke,Hog,0.9999048706240488,0.9998097412480974,0.9998097412480974,True,False
Hog_office_Elnora,Hog,0.9999048706240488,0.9999048706240488,0.9998097412480974,True,False
Hog_office_Eloise,Hog,0.9999048706240488,0.9999048706240488,0.9998097412480974,True,False
Hog_office_Elsy,Hog,0.9994292237442922,0.9994292237442922,0.9998097412480974,True,False
Hog_office_Emmanuel,Hog,0.9995243531202436,0.9883942161339422,0.9998097412480974,True,False
Hog_office_Garrett,Hog,1.0,1.0,0.9998097412480974,True,False
Hog_office_Guadalupe,Hog,1.0,0.9999048706240488,0.9998097412480974,True,False
Hog_office_Gustavo,Hog,1.0,1.0,0.9998097412480974,True,False
Hog_office_Joey,Hog,0.9998097412480974,0.9998097412480974,0.9998097412480974,True,False
Hog_office_Josefina,Hog,0.9999048706240488,0.9999048706240488,0.9998097412480974,True,False
Hog_office_Judith,Hog,1.0,0.0,0.9998097412480974,False,False
Hog_office_Lanell,Hog,1.0,1.0,0.9998097412480974,True,False
Hog_office_Lavon,Hog,1.0,1.0,0.9998097412480974,True,False
Hog_office_Leanne,Hog,0.9999048706240488,0.9999048706240488,0.9998097412480974,True,False
Hog_office_Leon,Hog,1.0,0.9999048706240488,0.9998097412480974,True,False
Hog_office_Lizzie,Hog,1.0,1.0,0.9998097412480974,True,False
Hog_office_Mack,Hog,0.9997146118721462,0.9878234398782344,0.9998097412480974,True,False
Hog_office_Man,Hog,0.9999048706240488,0.9999048706240488,0.9998097412480974,True,False
Hog_office_Mari,Hog,0.9999048706240488,0.9999048706240488,0.9998097412480974,True,False
Hog_office_Marilyn,Hog,0.9999048706240488,0.9869672754946728,0.9998097412480974,True,False
Hog_office_Marlena,Hog,1.0,0.988679604261796,0.9998097412480974,True,False
Hog_office_Marlene,Hog,0.9999048706240488,0.9869672754946728,0.9998097412480974,True,False
Hog_office_Mary,Hog,1.0,1.0,0.9998097412480974,True,False
Hog_office_Merilyn,Hog,1.0,1.0,0.9998097412480974,True,False
Hog_office_Migdalia,Hog,0.9999048706240488,0.9999048706240488,0.9998097412480974,True,False
Hog_office_Mike,Hog,1.0,1.0,0.9998097412480974,True,False
Hog_office_Miriam,Hog,1.0,1.0,0.9998097412480974,True,False
Hog_office_Myles,Hog,1.0,1.0,0.9998097412480974,True,False
Hog_office_Nancie,Hog,1.0,1.0,0.9998097412480974,True,False
Hog_office_Napoleon,Hog,1.0,1.0,0.9998097412480974,True,False
Hog_office_Nia,Hog,0.9756468797564688,0.9756468797564688,0.9998097412480974,False,False
Hog_office_Patrick,Hog,0.999334094368341,0.999334094368341,0.9998097412480974,True,False
Hog_office_Randi,Hog,0.9997146118721462,0.9997146118721462,0.9998097412480974,True,False
Hog_office_Richelle,Hog,1.0,0.9999048706240488,0.9998097412480974,True,False
Hog_office_Roger,Hog,0.9973363774733638,0.9973363774733638,0.9998097412480974,True,False
Hog_office_Rolando,Hog,1.0,0.9999048706240488,0.9998097412480974,True,False
Hog_office_Sarah,Hog,0.9998097412480974,0.9998097412480974,0.9998097412480974,True,False
Hog_office_Shawna,Hog,1.0,1.0,0.9998097412480974,True,False
Hog_office_Shawnna,Hog,1.0,1.0,0.9998097412480974,True,False
Hog_office_Sherrie,Hog,1.0,1.0,0.9998097412480974,True,False
Hog_office_Shon,Hog,1.0,1.0,0.9998097412480974,True,False
Hog_office_Simon,Hog,0.9999048706240488,0.9998097412480974,0.9998097412480974,True,False
Hog_office_Sonny,Hog,0.9933409436834094,0.9933409436834094,0.9998097412480974,False,False
Hog_office_Sung,Hog,0.9849695585996956,0.9849695585996956,0.9998097412480974,False,False
Hog_office_Sydney,Hog,1.0,1.0,0.9998097412480974,True,False
Hog_office_Terry,Hog,1.0,0.9991438356164384,0.9998097412480974,True,False
Hog_office_Thomas,Hog,1.0,0.9966704718417048,0.9998097412480974,True,False
Hog_office_Valda,Hog,1.0,1.0,0.9998097412480974,True,False
Hog_office_Vera,Hog,1.0,0.9999048706240488,0.9998097412480974,True,False
Lamb_office_Bertha,Lamb,1.0,1.0,0.996765601217656,True,False
Lamb_office_Caitlin,Lamb,1.0,1.0,0.996765601217656,True,False
Lamb_office_Callie,Lamb,1.0,0.9978120243531202,0.996765601217656,True,False
Lamb_office_Corine,Lamb,1.0,0.7208904109589042,0.996765601217656,False,False
Lamb_office_Donita,Lamb,1.0,0.9865867579908676,0.996765601217656,True,False
Lamb_office_Gerardo,Lamb,1.0,0.9956240487062404,0.996765601217656,True,False
Lamb_office_Jo,Lamb,1.0,0.9628995433789954,0.996765601217656,True,False
Lamb_office_Joanna,Lamb,0.8281012176560122,0.2239345509893455,0.996765601217656,False,False
Lamb_office_Kent,Lamb,1.0,0.9177130898021308,0.996765601217656,False,False
Lamb_office_Kerry,Lamb,1.0,0.9165715372907154,0.996765601217656,False,False
Lamb_office_Maggie,Lamb,1.0,0.971175799086758,0.996765601217656,True,False
Lamb_office_Peggy,Lamb,1.0,0.9864916286149162,0.996765601217656,True,False
Lamb_office_Raymond,Lamb,1.0,0.9956240487062404,0.996765601217656,True,False
Lamb_office_Stefani,Lamb,1.0,0.9978120243531202,0.996765601217656,True,False
Lamb_office_Vasiliki,Lamb,1.0,0.9961948249619482,0.996765601217656,True,False
Lamb_office_Velma,Lamb,1.0,1.0,0.996765601217656,True,False
Lamb_office_William,Lamb,1.0,0.974124809741248,0.996765601217656,True,False
Panther_office_Antonette,Panther,0.999334094368341,0.6779870624048706,0.9997146118721462,False,False
Panther_office_Brent,Panther,0.9995243531202436,0.678082191780822,0.9997146118721462,False,False
Panther_office_Catherine,Panther,0.9994292237442922,0.6781773211567732,0.9997146118721462,False,False
Panther_office_Christian,Panther,0.9994292237442922,0.678082191780822,0.9997146118721462,False,False
Panther_office_Christin,Panther,0.9995243531202436,0.6781773211567732,0.9997146118721462,False,False
Panther_office_Clementine,Panther,0.9995243531202436,0.697869101978691,0.9997146118721462,False,False
Panther_office_Danica,Panther,0.9995243531202436,0.6781773211567732,0.9997146118721462,False,False
Panther_office_Garth,Panther,0.9995243531202436,0.6782724505327246,0.9997146118721462,False,False
Panther_office_Graham,Panther,0.9994292237442922,0.678082191780822,0.9997146118721462,False,False
Panther_office_Hannah,Panther,0.9994292237442922,0.678082191780822,0.9997146118721462,False,False
Panther_office_Jeane,Panther,0.9994292237442922,0.678462709284627,0.9997146118721462,False,False
Panther_office_Jesus,Panther,0.9994292237442922,0.6781773211567732,0.9997146118721462,False,False
Panther_office_Karla,Panther,0.9995243531202436,0.6782724505327246,0.9997146118721462,False,False
Panther_office_Kristen,Panther,0.9994292237442922,0.6781773211567732,0.9997146118721462,False,False
Panther_office_Larry,Panther,0.9994292237442922,0.678082191780822,0.9997146118721462,False,False
Panther_office_Lauretta,Panther,0.9995243531202436,0.6781773211567732,0.9997146118721462,False,False
Panther_office_Lavinia,Panther,0.9995243531202436,0.6782724505327246,0.9997146118721462,False,False
Panther_office_Lois,Panther,0.9995243531202436,0.678462709284627,0.9997146118721462,False,False
Panther_office_Otto,Panther,0.3241057838660578,0.17332572298325724,0.9997146118721462,False,False
Panther_office_Patti,Panther,0.9994292237442922,0.6781773211567732,0.9997146118721462,False,False
Panther_office_Ruthie,Panther,0.9995243531202436,0.6782724505327246,0.9997146118721462,False,False
Panther_office_Shauna,Panther,0.9994292237442922,0.678082191780822,0.9997146118721462,False,False
Panther_office_Taryn,Panther,0.9995243531202436,0.6781773211567732,0.9997146118721462,False,False
Panther_office_Valarie,Panther,0.9994292237442922,0.6781773211567732,0.9997146118721462,False,False
Peacock_office_Annie,Peacock,0.9991438356164384,0.9991438356164384,0.9987633181126332,True,False
Peacock_office_Burl,Peacock,0.9991438356164384,0.9991438356164384,0.9987633181126332,True,False
Peacock_office_Dara,Peacock,0.9991438356164384,0.9991438356164384,0.9987633181126332,True,False
Peacock_office_Effie,Peacock,0.999048706240487,0.999048706240487,0.9987633181126332,True,False
Peacock_office_Elton,Peacock,0.997716894977169,0.997716894977169,0.9987633181126332,True,False
Peacock_office_Glenn,Peacock,0.040810502283105024,0.040810502283105024,0.9987633181126332,False,False
Peacock_office_Jonathon,Peacock,0.03919330289193303,0.03919330289193303,0.9987633181126332,False,False
Peacock_office_Julian,Peacock,0.9989535768645358,0.9989535768645358,0.9987633181126332,True,False
Peacock_office_Major,Peacock,0.9788812785388128,0.9788812785388128,0.9987633181126332,False,False
Peacock_office_Naomi,Peacock,0.04033485540334855,0.04033485540334855,0.9987633181126332,False,False
Peacock_office_Norman,Peacock,0.9981925418569254,0.9981925418569254,0.9987633181126332,True,False
Rat_office_Adele,Rat,0.9997146118721462,0.9995243531202436,0.9991438356164384,True,False
Rat_office_Annis,Rat,0.9997146118721462,0.9997146118721462,0.9991438356164384,True,False
Rat_office_Arron,Rat,0.9997146118721462,0.9997146118721462,0.9991438356164384,True,False
Rat_office_Ashlee,Rat,0.9997146118721462,0.999334094368341,0.9991438356164384,True,False
Rat_office_Avis,Rat,0.9997146118721462,0.9916286149162862,0.9991438356164384,True,False
Rat_office_Chris,Rat,0.8764269406392694,0.869482496194825,0.9991438356164384,False,False
Rat_office_Colby,Rat,0.9997146118721462,0.9997146118721462,0.9991438356164384,True,False
Rat_office_Craig,Rat,0.995148401826484,0.995148401826484,0.9991438356164384,True,False
Rat_office_Jacinta,Rat,0.9973363774733638,0.9973363774733638,0.9991438356164384,True,False
Rat_office_Jamal,Rat,0.9997146118721462,0.9997146118721462,0.9991438356164384,True,False
Rat_office_Jeannie,Rat,0.9997146118721462,0.9997146118721462,0.9991438356164384,True,False
Rat_office_Jessica,Rat,0.997431506849315,0.9970509893455098,0.9991438356164384,True,False
Rat_office_Jill,Rat,0.992865296803653,0.992865296803653,0.9991438356164384,False,False
Rat_office_Kasey,Rat,0.9997146118721462,0.9997146118721462,0.9991438356164384,True,False
Rat_office_Lora,Rat,0.9997146118721462,0.9996194824961948,0.9991438356164384,True,False
Rat_office_Loyd,Rat,0.9997146118721462,0.9997146118721462,0.9991438356164384,True,False
Rat_office_Mei,Rat,0.9719368340943684,0.9719368340943684,0.9991438356164384,False,False
Rat_office_Olivia,Rat,0.9997146118721462,0.9997146118721462,0.9991438356164384,True,False
Rat_office_Ramiro,Rat,0.997431506849315,0.997431506849315,0.9991438356164384,True,False
Rat_office_Randy,Rat,0.997431506849315,0.997431506849315,0.9991438356164384,True,False
Rat_office_Ronald,Rat,0.9995243531202436,0.9995243531202436,0.9991438356164384,True,False
Rat_office_Rosemary,Rat,0.9997146118721462,0.9996194824961948,0.9991438356164384,True,False
Rat_office_Sammy,Rat,0.9997146118721462,0.9997146118721462,0.9991438356164384,True,False
Rat_office_Tracy,Rat,0.9997146118721462,0.9986681887366818,0.9991438356164384,True,False
Robin_office_Addie,Robin,1.0,1.0,0.997716894977169,True,False
Robin_office_Adolph,Robin,1.0,1.0,0.997716894977169,True,False
Robin_office_Antonina,Robin,1.0,1.0,0.997716894977169,True,False
Robin_office_Dina,Robin,1.0,1.0,0.997716894977169,True,False
Robin_office_Donald,Robin,1.0,1.0,0.997716894977169,True,False
Robin_office_Erma,Robin,0.8356164383561644,0.7100456621004566,0.997716894977169,False,False
Robin_office_Gayle,Robin,1.0,1.0,0.997716894977169,True,False
Robin_office_Lindsay,Robin,1.0,1.0,0.997716894977169,True,False
Robin_office_Maryann,Robin,1.0,1.0,0.997716894977169,True,False
Robin_office_Sammie,Robin,1.0,1.0,0.997716894977169,True,False
Robin_office_Saul,Robin,1.0,1.0,0.997716894977169,True,False
Robin_office_Serena,Robin,1.0,1.0,0.997716894977169,True,False
Robin_office_Shirlene,Robin,1.0,1.0,0.997716894977169,True,False
Robin_office_Soledad,Robin,0.9998097412480974,0.9998097412480974,0.997716894977169,True,False
Robin_office_Victor,Robin,1.0,1.0,0.997716894977169,True,False
Robin_office_Wai,Robin,1.0,1.0,0.997716894977169,True,False
Robin_office_Zelma,Robin,1.0,1.0,0.997716894977169,True,False
Shrew_office_Doris,Shrew,1.0,0.8926940639269406,0.997716894977169,False,False
Shrew_office_Doug,Shrew,1.0,0.889554794520548,0.997716894977169,False,False
Shrew_office_Ila,Shrew,1.0,0.8926940639269406,0.997716894977169,False,False
Shrew_office_Katherine,Shrew,1.0,0.8904109589041096,0.997716894977169,False,False
Shrew_office_Kenneth,Shrew,1.0,0.8904109589041096,0.997716894977169,False,False
Shrew_office_Lin,Shrew,1.0,0.892503805175038,0.997716894977169,False,False
Shrew_office_Nora,Shrew,1.0,0.8926940639269406,0.997716894977169,False,False
Shrew_office_Rose,Shrew,1.0,0.9994292237442922,0.997716894977169,True,False
Shrew_office_Sherill,Shrew,1.0,0.8926940639269406,0.997716894977169,False,False
Wolf_office_Bobbie,Wolf,1.0,0.9998097412480974,0.9970509893455098,True,False
Wolf_office_Cary,Wolf,0.9987633181126332,0.9987633181126332,0.9970509893455098,True,False
Wolf_office_Darleen,Wolf,1.0,1.0,0.9970509893455098,True,False
Wolf_office_Elisabeth,Wolf,0.9999048706240488,0.9999048706240488,0.9970509893455098,True,False
Wolf_office_Emanuel,Wolf,1.0,0.9999048706240488,0.9970509893455098,True,False
Wolf_office_Haydee,Wolf,1.0,0.9999048706240488,0.9970509893455098,True,False
Wolf_office_Joana,Wolf,0.9999048706240488,0.9997146118721462,0.9970509893455098,True,False
Wolf_office_Nadia,Wolf,0.9998097412480974,0.9998097412480974,0.9970509893455098,True,False
Wolf_office_Rochelle,Wolf,1.0,0.9998097412480974,0.9970509893455098,True,False
