building,n_tasks,flex_hours,method,n,mean_reduction_pct,mean_gain_kw,median_reduction_pct,negative_pct,recommendation_pct,mean_shift_hours,completion_pct,violations,max_energy_error_kwh,mean_seconds,p95_seconds,worst10_mean_gain_kw,min_gain_kw,mean_negative_gain_kw,timeout_count,fallback_count
Bull_office_Anne,5,2,full,240,12.232808052921351,5.691666666666666,13.680926916221033,1.25,89.16666666666667,0.47250000000000003,100.0,0,0.0,0.039403056924735815,0.09600878747587557,-0.625,-7.0,-5.0,0,0
Bull_office_Anne,5,2,point,240,12.196178193840018,5.658333333333333,13.636363636363637,1.25,90.83333333333333,0.45916666666666667,100.0,0,0.0,0.01231664719064914,0.03347993336210493,-0.625,-7.0,-5.0,0,2
Bull_office_Anne,5,2,risk,240,12.396942157415868,5.754166666666666,13.680926916221033,1.25,92.5,0.48250000000000004,100.0,0,0.0,0.039403056924735815,0.09600878747587557,-0.625,-7.0,-5.0,0,0
Bull_office_Anne,5,2,rule,240,0.0,0.0,0.0,0.0,0.0,0.0,100.0,0,0.0,0.0,0.0,0.0,0.0,0.0,0,0
Bull_office_Anne,5,2,weekly,240,11.514167495298416,5.345833333333333,13.270440251572328,1.6666666666666667,88.33333333333333,0.45666666666666667,100.0,0,0.0,0.006869623778523722,0.009023353541851973,-0.75,-7.0,-4.5,0,0
Bull_office_Anne,5,4,full,240,17.01538783331386,7.816666666666666,16.216216216216218,1.25,97.91666666666666,0.9600000000000001,100.0,0,0.0,0.15334527465214098,0.3187275794742163,-0.25,-7.0,-5.0,0,0
Bull_office_Anne,5,4,point,240,16.666621638055595,7.616666666666666,15.909090909090908,1.25,97.5,0.9625,100.0,0,0.0,0.03780844584252918,0.09867183392925648,-0.375,-7.0,-5.0,0,5
Bull_office_Anne,5,4,risk,240,17.06267619310222,7.833333333333333,16.216216216216218,1.25,98.75,0.9616666666666667,100.0,0,0.0,0.15334527465214098,0.3187275794742163,-0.125,-7.0,-5.0,0,0
Bull_office_Anne,5,4,rule,240,0.0,0.0,0.0,0.0,0.0,0.0,100.0,0,0.0,0.0,0.0,0.0,0.0,0.0,0,0
Bull_office_Anne,5,4,weekly,240,16.197494842409316,7.425,15.849282296650717,1.6666666666666667,96.25,0.9466666666666667,100.0,0,0.0,0.011675113561553492,0.02453403541294392,-0.75,-7.0,-4.5,0,0
Bull_office_Anne,5,8,full,240,21.941964221870034,10.145833333333334,23.46683354192741,1.25,98.75,1.715,100.0,0,0.0,0.29859517636456684,0.6943621350743342,0.4583333333333333,-7.0,-5.0,0,0
Bull_office_Anne,5,8,point,240,22.73223744422246,10.466666666666667,25.0,1.25,99.58333333333333,1.9116666666666666,100.0,0,0.0,0.045127191143061886,0.15346342087141226,0.75,-7.0,-5.0,0,1
Bull_office_Anne,5,8,risk,240,21.989252581658395,10.1625,23.46683354192741,1.25,99.58333333333333,1.7166666666666666,100.0,0,0.0,0.29859517636456684,0.6943621350743342,0.625,-7.0,-5.0,0,0
Bull_office_Anne,5,8,rule,240,0.0,0.0,0.0,0.0,0.0,0.0,100.0,0,0.0,0.0,0.0,0.0,0.0,0.0,0,0
Bull_office_Anne,5,8,weekly,240,21.509400455062963,9.9125,23.722943722943725,1.25,99.58333333333333,1.7683333333333333,100.0,0,0.0,0.029014162798800196,0.08370261608506543,-0.041666666666666664,-7.0,-5.0,0,0
Bull_office_Anne,10,2,full,240,19.54640123316335,12.029166666666667,21.05263157894737,1.25,100.0,0.66,100.0,0,0.0,0.12332167366184876,0.2762572413193993,2.25,-7.0,-6.0,0,0
Bull_office_Anne,10,2,point,240,19.299920064769285,11.875,21.05263157894737,0.8333333333333334,99.16666666666667,0.6145833333333334,100.0,0,0.0,0.03135182623154833,0.10055679579090789,1.75,-7.0,-7.0,0,2
Bull_office_Anne,10,2,risk,240,19.54640123316335,12.029166666666667,21.05263157894737,1.25,100.0,0.66,100.0,0,0.0,0.12332167366184876,0.2762572413193993,2.25,-7.0,-6.0,0,0
Bull_office_Anne,10,2,rule,240,0.0,0.0,0.0,0.0,0.0,0.0,100.0,0,0.0,0.0,0.0,0.0,0.0,0.0,0,0
Bull_office_Anne,10,2,weekly,240,18.474498631987327,11.4,20.689655172413794,2.083333333333333,98.33333333333333,0.5954166666666667,100.0,0,0.0,0.008394462433595132,0.014951255606138133,-0.2916666666666667,-10.0,-7.0,0,0
Bull_office_Anne,10,4,full,240,26.65606806645929,16.379166666666666,27.429467084639498,0.4166666666666667,100.0,1.2650000000000001,100.0,0,0.0,0.517512231788957,1.026298779115313,4.958333333333333,-4.0,-4.0,0,0
Bull_office_Anne,10,4,point,240,25.750979827942682,15.808333333333334,26.953601953601954,1.25,98.33333333333333,1.20875,100.0,0,0.0,0.1428521994634745,0.37362070796661995,3.0,-7.0,-6.0,0,4
Bull_office_Anne,10,4,risk,240,26.65606806645929,16.379166666666666,27.429467084639498,0.4166666666666667,100.0,1.2650000000000001,100.0,0,0.0,0.517512231788957,1.026298779115313,4.958333333333333,-4.0,-4.0,0,0
Bull_office_Anne,10,4,rule,240,0.0,0.0,0.0,0.0,0.0,0.0,100.0,0,0.0,0.0,0.0,0.0,0.0,0.0,0,0
Bull_office_Anne,10,4,weekly,240,25.326640056317995,15.595833333333333,26.674107142857142,1.6666666666666667,100.0,1.2279166666666665,100.0,0,0.0,0.03855642102110626,0.11487765625060992,2.9583333333333335,-7.0,-5.25,0,0
Bull_office_Anne,10,8,full,240,32.821006665886344,20.220833333333335,33.898305084745765,0.0,100.0,2.182916666666667,100.0,0,0.0,1.5101452223869274,2.0091604464891133,7.208333333333333,0.0,0.0,59,0
Bull_office_Anne,10,8,point,240,31.839005374901298,19.683333333333334,33.333333333333336,0.0,99.58333333333333,1.9945833333333336,100.0,0,0.0,0.3242227432017292,0.8191677940718362,6.208333333333333,0.0,0.0,2,1
Bull_office_Anne,10,8,risk,240,32.821006665886344,20.220833333333335,33.898305084745765,0.0,100.0,2.182916666666667,100.0,0,0.0,1.5101452223869274,2.0091604464891133,7.208333333333333,0.0,0.0,59,0
Bull_office_Anne,10,8,rule,240,0.0,0.0,0.0,0.0,0.0,0.0,100.0,0,0.0,0.0,0.0,0.0,0.0,0.0,0,0
Bull_office_Anne,10,8,weekly,240,31.20053239421401,19.291666666666668,32.74294670846395,0.4166666666666667,100.0,2.129166666666667,100.0,0,0.0,0.18434916681483932,0.4932251607737271,4.583333333333333,-3.0,-3.0,0,0
Bull_office_Anne,20,2,full,240,24.60296466671518,21.575,25.9041394335512,1.25,100.0,0.7339583333333334,100.0,0,0.0,0.44230645926315143,1.0345136125019052,6.666666666666667,-9.0,-6.666666666666667,0,0
Bull_office_Anne,20,2,point,240,24.348821234254874,21.354166666666668,25.62853551225644,1.25,99.58333333333333,0.7087500000000001,100.0,0,0.0,0.07955029457904554,0.2452782461798051,6.041666666666667,-9.0,-6.666666666666667,0,1
Bull_office_Anne,20,2,risk,240,24.60296466671518,21.575,25.9041394335512,1.25,100.0,0.7339583333333334,100.0,0,0.0,0.44230645926315143,1.0345136125019052,6.666666666666667,-9.0,-6.666666666666667,0,0
Bull_office_Anne,20,2,rule,240,0.0,0.0,0.0,0.0,0.0,0.0,100.0,0,0.0,0.0,0.0,0.0,0.0,0.0,0,0
Bull_office_Anne,20,2,weekly,240,23.47748858579981,20.6125,25.15060240963855,1.6666666666666667,100.0,0.6825,100.0,0,0.0,0.01068084115080031,0.017754510391387153,4.208333333333333,-9.0,-6.0,0,0
Bull_office_Anne,20,4,full,240,33.12058187248482,29.070833333333333,34.40860215053763,0.4166666666666667,100.0,1.405,100.0,0,0.0,1.6425465855863877,2.0107626999932107,13.083333333333334,-4.0,-4.0,153,0
Bull_office_Anne,20,4,point,240,32.91787841457213,28.8875,34.177215189873415,0.0,100.0,1.3479166666666667,100.0,0,0.0,0.8405614324561611,2.0034695107635345,13.333333333333334,0.0,0.0,66,0
Bull_office_Anne,20,4,risk,240,33.12058187248482,29.070833333333333,34.40860215053763,0.4166666666666667,100.0,1.405,100.0,0,0.0,1.6425465855863877,2.0107626999932107,13.083333333333334,-4.0,-4.0,153,0
Bull_office_Anne,20,4,rule,240,0.0,0.0,0.0,0.0,0.0,0.0,100.0,0,0.0,0.0,0.0,0.0,0.0,0.0,0,0
Bull_office_Anne,20,4,weekly,240,31.84390847245085,27.975,33.72093023255814,0.8333333333333334,100.0,1.3352083333333333,100.0,0,0.0,0.06172584305531927,0.2501438847393726,10.75,-4.0,-3.0,0,0
Bull_office_Anne,20,8,full,240,42.607407652170835,37.35,44.086021505376344,0.0,100.0,2.834166666666667,100.0,0,0.0,1.9828643852488312,2.0160192315728636,20.583333333333332,3.0,0.0,227,0
Bull_office_Anne,20,8,point,240,42.338130909530676,37.12083333333333,43.10989643268124,0.0,100.0,2.7668749999999998,100.0,0,0.0,1.4860608975655245,2.00592576842173,19.458333333333332,3.0,0.0,144,0
Bull_office_Anne,20,8,risk,240,42.607407652170835,37.35,44.086021505376344,0.0,100.0,2.834166666666667,100.0,0,0.0,1.9828643852488312,2.0160192315728636,20.583333333333332,3.0,0.0,227,0
Bull_office_Anne,20,8,rule,240,0.0,0.0,0.0,0.0,0.0,0.0,100.0,0,0.0,0.0,0.0,0.0,0.0,0.0,0,0
Bull_office_Anne,20,8,weekly,240,41.234723746832266,36.19166666666667,43.0306152487489,0.0,100.0,2.7695833333333337,100.0,0,0.0,0.9455062736640685,2.003806601758697,17.5,3.0,0.0,46,0
Eagle_office_Amanda,5,2,full,250,0.0,0.0,0.0,0.0,0.0,0.0,100.0,0,0.0,0.009158883210737259,0.011566800146829335,0.0,0.0,0.0,0,0
Eagle_office_Amanda,5,2,point,250,-1.7152118686836921,-1.3205308,0.0,18.8,98.4,1.2656,100.0,0,0.0,0.00134844767767936,0.0016883333126315844,-8.681184000000002,-14.029599999999988,-7.233899999999999,0,0
Eagle_office_Amanda,5,2,risk,250,-0.41603849471145493,-0.12815199999999935,0.0,6.0,79.2,0.46080000000000004,100.0,0,0.0,0.009158883210737259,0.011566800146829335,-3.2405439999999963,-7.0,-5.4009066666666605,0,0
Eagle_office_Amanda,5,2,rule,250,0.0,0.0,0.0,0.0,0.0,0.0,100.0,0,0.0,0.0,0.0,0.0,0.0,0.0,0,0
Eagle_office_Amanda,5,2,weekly,250,0.5785708731654958,-1.4644003999999995,0.0,28.799999999999997,100.0,1.3944,100.0,0,0.0,0.002348390185739845,0.007530481248977592,-10.4397,-14.0,-6.653631944444443,0,0
Eagle_office_Amanda,5,4,full,250,0.0,0.0,0.0,0.0,0.0,0.0,100.0,0,0.0,0.010379557667532936,0.014958184008719384,0.0,0.0,0.0,0,0
Eagle_office_Amanda,5,4,point,250,-1.9040003972992805,-0.8884792,0.0,22.400000000000002,86.8,1.3392,100.0,0,0.0,0.003641659330809489,0.009401608313783071,-8.598448,-21.00000000000003,-5.8571589285714305,0,0
Eagle_office_Amanda,5,4,risk,250,-0.3815746650582737,-0.12529200000000004,0.0,13.200000000000001,82.39999999999999,0.72,100.0,0,0.0,0.010379557667532936,0.014958184008719384,-6.407384000000003,-14.0,-5.00544545454546,0,0
Eagle_office_Amanda,5,4,rule,250,0.0,0.0,0.0,0.0,0.0,0.0,100.0,0,0.0,0.0,0.0,0.0,0.0,0.0,0,0
Eagle_office_Amanda,5,4,weekly,250,1.522338565124007,-1.3443459999999992,0.0,34.0,96.0,2.0151999999999997,100.0,0,0.0,0.0030299948549363763,0.008068585599539801,-11.599931999999999,-20.976,-6.693447058823526,0,0
Eagle_office_Amanda,5,8,full,250,-0.06133649366131056,-0.224,0.0,1.6,1.6,0.0864,100.0,0,0.0,0.013633995197946206,0.018923528934828935,-2.24,-21.0,-14.0,0,0
Eagle_office_Amanda,5,8,point,250,-1.935800992060299,-1.3655944000000007,0.0,32.4,89.60000000000001,1.9888,100.0,0,0.0,0.004518371984129772,0.008713691300363278,-11.641427999999996,-23.005999999999972,-7.114034567901234,0,0
Eagle_office_Amanda,5,8,risk,250,0.019843623268850252,-0.23759439999999996,0.0,20.8,87.2,1.6543999999999999,100.0,0,0.0,0.013633995197946206,0.018923528934828935,-10.285303999999996,-21.0,-7.290932692307688,0,0
Eagle_office_Amanda,5,8,rule,250,0.0,0.0,0.0,0.0,0.0,0.0,100.0,0,0.0,0.0,0.0,0.0,0.0,0.0,0,0
Eagle_office_Amanda,5,8,weekly,250,1.9262980995551997,-2.4289208000000007,0.0,45.2,94.0,3.0648,100.0,0,0.0,0.004251624720403925,0.008901237355894409,-16.967188,-28.00000000000003,-8.487340707964602,0,0
Eagle_office_Amanda,10,2,full,250,0.0,0.0,0.0,0.0,0.0,0.0,100.0,0,0.0,0.010602420815965161,0.014519901908352026,0.0,0.0,0.0,0,0
Eagle_office_Amanda,10,2,point,250,-2.0392707052107335,-1.6599367999999994,0.0,26.8,95.6,0.8328,100.0,0,0.0,0.00216167798708193,0.007691001743660308,-13.00034,-21.0,-8.20764029850746,0,0
Eagle_office_Amanda,10,2,risk,250,-0.3048891603692487,0.05232760000000076,0.0,11.200000000000001,87.2,0.33920000000000006,100.0,0,0.0,0.010602420815965161,0.014519901908352026,-7.116699999999996,-21.0,-6.4986785714285675,0,0
Eagle_office_Amanda,10,2,rule,250,0.0,0.0,0.0,0.0,0.0,0.0,100.0,0,0.0,0.0,0.0,0.0,0.0,0.0,0,0
Eagle_office_Amanda,10,2,weekly,250,0.5857482771115992,-2.8401479999999992,0.0,46.0,100.0,1.0883999999999998,100.0,0,0.0,0.0029861521811690183,0.007422089512692762,-18.842251999999995,-35.0,-9.131990434782608,0,0
Eagle_office_Amanda,10,4,full,250,0.0,0.0,0.0,0.0,0.4,0.0064,100.0,0,0.0,0.017446191319962962,0.027563675298006244,0.0,0.0,0.0,0,0
Eagle_office_Amanda,10,4,point,250,-0.6144577084189636,-0.9573643999999996,0.0,30.8,96.0,0.656,100.0,0,0.0,0.0065147447914350775,0.012323135594488097,-12.593755999999999,-21.0,-7.791572727272724,0,0
Eagle_office_Amanda,10,4,risk,250,0.4444079604918264,0.16703520000000038,0.0,24.0,89.2,0.5371999999999999,100.0,0,0.0,0.017446191319962962,0.027563675298006244,-7.958739999999999,-14.0,-5.701028333333331,0,0
Eagle_office_Amanda,10,4,rule,250,0.0,0.0,0.0,0.0,0.0,0.0,100.0,0,0.0,0.0,0.0,0.0,0.0,0.0,0,0
Eagle_office_Amanda,10,4,weekly,250,1.3234629724538374,-3.141705999999999,0.0,46.800000000000004,99.2,1.314,100.0,0,0.0,0.005986625680932775,0.011999678684514946,-21.482135999999997,-35.0,-10.8749641025641,0,0
Eagle_office_Amanda,10,8,full,250,-0.04217587238449623,-0.11958240000000046,0.0,2.4,4.0,0.1248,100.0,0,0.0,0.024899876134702934,0.04260812119755428,-4.398804,-35.0,-18.32835,0,0
Eagle_office_Amanda,10,8,point,250,-0.2529887195111482,-1.2773860000000006,0.0,40.0,98.8,1.6032,100.0,0,0.0,0.008490078018978237,0.017951914676814326,-18.002679999999998,-29.033999999999992,-8.919880999999998,0,0
Eagle_office_Amanda,10,8,risk,250,0.7002047125935218,0.011128399999999943,0.0,32.0,96.0,1.5448,100.0,0,0.0,0.024899876134702934,0.04260812119755428,-16.056143999999993,-35.0,-9.041133749999997,0,0
Eagle_office_Amanda,10,8,rule,250,0.0,0.0,0.0,0.0,0.0,0.0,100.0,0,0.0,0.0,0.0,0.0,0.0,0.0,0,0
Eagle_office_Amanda,10,8,weekly,250,1.711167887776018,-3.734817600000001,-1.6318050850331072,60.0,99.2,2.5212,100.0,0,0.0,0.008098527863621712,0.016175408152048473,-21.092335999999996,-29.033999999999992,-10.358320666666666,0,0
Eagle_office_Amanda,20,2,full,250,0.004569424741961984,0.01603800000000001,0.0,0.0,1.2,0.0058000000000000005,100.0,0,0.0,0.017509842990897594,0.03315663368557578,0.0,0.0,0.0,0,0
Eagle_office_Amanda,20,2,point,250,1.1547503579666205,1.9003403999999988,0.0,25.6,98.0,0.37860000000000005,100.0,0,0.0,0.007002013836754486,0.013112349974107927,-10.756415999999996,-21.0,-6.986303125000002,0,0
Eagle_office_Amanda,20,2,risk,250,0.964927855407752,2.2287396,0.0,17.599999999999998,97.2,0.2824,100.0,0,0.0,0.017509842990897594,0.03315663368557578,-7.561163999999999,-14.0,-5.932006818181816,0,0
Eagle_office_Amanda,20,2,rule,250,0.0,0.0,0.0,0.0,0.0,0.0,100.0,0,0.0,0.0,0.0,0.0,0.0,0.0,0,0
Eagle_office_Amanda,20,2,weekly,250,1.3340555202309494,-1.6294020000000011,0.0,40.400000000000006,99.6,0.6422,100.0,0,0.0,0.0066526819996070114,0.012498679078998976,-28.445747999999995,-42.0,-14.48989504950495,0,0
Eagle_office_Amanda,20,4,full,250,0.06751056882752907,0.09641159999999968,0.0,2.8000000000000003,8.799999999999999,0.063,100.0,0,0.0,0.047987530474551024,0.13142805886163836,-2.7565080000000033,-21.0,-9.844671428571441,0,0
Eagle_office_Amanda,20,4,point,250,1.2710424738637625,1.7464651999999996,0.0,35.199999999999996,100.0,0.6448,100.0,0,0.0,0.01086536816856824,0.01955201628734357,-15.119080000000002,-21.0,-8.397173863636363,0,0
Eagle_office_Amanda,20,4,risk,250,1.1480640623721685,3.1205451999999987,0.0,27.6,100.0,0.528,100.0,0,0.0,0.047987530474551024,0.13142805886163836,-10.799124000000004,-21.0,-7.144842028985509,0,0
Eagle_office_Amanda,20,4,rule,250,0.0,0.0,0.0,0.0,0.0,0.0,100.0,0,0.0,0.0,0.0,0.0,0.0,0.0,0,0
Eagle_office_Amanda,20,4,weekly,250,1.6768397302246216,-2.430354800000001,0.0,49.6,100.0,1.2733999999999999,100.0,0,0.0,0.010146845705574378,0.02450761072977909,-26.556211999999995,-42.0,-15.03489677419355,0,0
Eagle_office_Amanda,20,8,full,250,0.1686704149449198,0.6757451999999994,0.0,6.800000000000001,17.599999999999998,0.38499999999999995,100.0,0,0.0,0.10232732833339833,0.2982860916934441,-16.126707999999994,-43.03399999999999,-23.71574705882352,0,0
Eagle_office_Amanda,20,8,point,250,1.527278499765165,1.827164799999999,0.0,44.4,100.0,1.672,100.0,0,0.0,0.020590677013620735,0.06585377310984765,-21.041308,-36.03399999999999,-9.732718918918918,0,0
Eagle_office_Amanda,20,8,risk,250,1.1490801045936643,2.9723771999999986,0.31048468418765085,34.4,100.0,1.5564,100.0,0,0.0,0.10232732833339833,0.2982860916934441,-25.531283999999992,-43.03399999999999,-12.376622093023252,0,0
Eagle_office_Amanda,20,8,rule,250,0.0,0.0,0.0,0.0,0.0,0.0,100.0,0,0.0,0.0,0.0,0.0,0.0,0.0,0,0
Eagle_office_Amanda,20,8,weekly,250,1.445095032136604,-5.4574368000000035,-2.2083096988472564,64.4,100.0,2.6452000000000004,100.0,0,0.0,0.012605629351455719,0.03614378940255846,-35.15876,-63.0,-16.790762732919255,0,0
Fox_office_Alice,5,2,full,250,0.2730304867029099,1.23548,0.0,4.8,25.6,0.14880000000000002,100.0,0,0.0,0.012980234344257041,0.031058860311168227,-2.5508000000000015,-14.0,-5.31416666666667,0,0
Fox_office_Alice,5,2,point,250,0.5053422338982992,2.2369199999999982,0.0,9.2,66.8,0.3,100.0,0,0.0,0.006341310997260734,0.0151073708984768,-4.233600000000008,-14.0,-4.601739130434791,0,0
Fox_office_Alice,5,2,risk,250,0.475223880590302,2.1174799999999987,0.0,12.0,77.60000000000001,0.3568,100.0,0,0.0,0.012980234344257041,0.031058860311168227,-5.352800000000006,-14.0,-4.65533333333334,0,0
Fox_office_Alice,5,2,rule,250,0.0,0.0,0.0,0.0,0.0,0.0,100.0,0,0.0,0.0,0.0,0.0,0.0,0.0,0,0
Fox_office_Alice,5,2,weekly,250,0.3605805618243208,1.6109599999999973,0.0,13.600000000000001,62.4,0.2792,100.0,0,0.0,0.005258744504768402,0.009900259735877623,-4.468000000000015,-14.0,-3.602647058823538,0,0
Fox_office_Alice,5,4,full,250,0.6463707853297826,2.8715199999999994,0.0,8.799999999999999,50.8,0.7032,100.0,0,0.0,0.03005321270902641,0.10471869567409157,-6.592000000000008,-19.319999999999993,-7.490909090909099,0,0
Fox_office_Alice,5,4,point,250,0.798407334954989,3.511479999999999,0.9171942742811651,16.400000000000002,85.6,0.8288000000000001,100.0,0,0.0,0.012786077038152143,0.03978675855323669,-7.674800000000007,-19.319999999999993,-5.369512195121959,0,0
Fox_office_Alice,5,4,risk,250,0.7971793336905375,3.5287999999999995,1.0254940541937767,20.4,90.0,1.0655999999999999,100.0,0,0.0,0.03005321270902641,0.10471869567409157,-8.93880000000001,-19.319999999999993,-5.920392156862751,0,0
Fox_office_Alice,5,4,rule,250,0.0,0.0,0.0,0.0,0.0,0.0,100.0,0,0.0,0.0,0.0,0.0,0.0,0.0,0,0
Fox_office_Alice,5,4,weekly,250,0.572475751298527,2.528199999999997,0.4179890501145641,26.8,86.0,0.94,100.0,0,0.0,0.00845458114752546,0.019290091146831376,-8.291199999999996,-19.319999999999993,-4.4135820895522455,0,0
Fox_office_Alice,5,8,full,250,1.7938010961776893,7.951879999999997,1.6337965982749436,3.5999999999999996,79.60000000000001,2.6224000000000003,100.0,0,0.0,0.016761759689543396,0.022531435289420185,-0.49040000000000417,-4.1200000000000045,-1.3622222222222338,0,0
Fox_office_Alice,5,8,point,250,1.779255496618047,7.896119999999996,1.6419733115890955,8.0,94.8,2.6544,100.0,0,0.0,0.007526713544037193,0.013049170939484604,-4.027200000000011,-8.650000000000034,-5.034000000000015,0,0
Fox_office_Alice,5,8,risk,250,1.9167586308837603,8.481719999999997,1.6552781793766822,4.8,96.8,2.896,100.0,0,0.0,0.016761759689543396,0.022531435289420185,-1.1060000000000036,-7.0,-2.3041666666666742,0,0
Fox_office_Alice,5,8,rule,250,0.0,0.0,0.0,0.0,0.0,0.0,100.0,0,0.0,0.0,0.0,0.0,0.0,0.0,0,0
Fox_office_Alice,5,8,weekly,250,1.2635950434522738,5.597199999999999,1.2746163606240768,15.6,91.2,2.14,100.0,0,0.0,0.006887039821362123,0.013177550132968455,-5.98400000000001,-14.0,-3.938205128205135,0,0
Fox_office_Alice,10,2,full,250,1.2878332671029826,5.892679999999999,1.061412810637722,6.4,69.19999999999999,0.346,100.0,0,0.0,0.029185007346095516,0.1159753123531118,-3.8640000000000008,-14.0,-6.037500000000001,0,0
Fox_office_Alice,10,2,point,250,1.5311879966207198,6.954439999999999,1.5228383422939573,9.2,94.39999999999999,0.3996,100.0,0,0.0,0.009179293730994686,0.0219608435902046,-3.92,-13.579999999999984,-4.260869565217392,0,0
Fox_office_Alice,10,2,risk,250,1.5712558492204298,7.13948,1.5509507616961868,8.4,98.4,0.44880000000000003,100.0,0,0.0,0.029185007346095516,0.1159753123531118,-4.472000000000003,-14.0,-5.323809523809527,0,0
Fox_office_Alice,10,2,rule,250,0.0,0.0,0.0,0.0,0.0,0.0,100.0,0,0.0,0.0,0.0,0.0,0.0,0.0,0,0
Fox_office_Alice,10,2,weekly,250,1.3029563465374157,5.929759999999996,1.265365284923441,7.199999999999999,92.0,0.3592,100.0,0,0.0,0.009600275015458464,0.023135656234808264,-3.395600000000004,-13.579999999999984,-4.7161111111111165,0,0
Fox_office_Alice,10,4,full,250,2.03487076535186,9.31064,2.2289441195641544,12.4,88.0,1.018,100.0,0,0.0,0.09383557397243567,0.31492194185848343,-8.592000000000011,-21.0,-7.136129032258077,0,0
Fox_office_Alice,10,4,point,250,2.182325895417958,9.917519999999998,2.4995390957188675,10.4,99.6,0.934,100.0,0,0.0,0.027773307835683228,0.1145283186284357,-7.250400000000011,-14.800000000000011,-6.978076923076935,0,0
Fox_office_Alice,10,4,risk,250,2.1971768625167143,10.016919999999999,2.537877093949739,13.600000000000001,100.0,1.1068,100.0,0,0.0,0.09383557397243567,0.31492194185848343,-8.760400000000011,-21.0,-6.800000000000013,0,0
Fox_office_Alice,10,4,rule,250,0.0,0.0,0.0,0.0,0.0,0.0,100.0,0,0.0,0.0,0.0,0.0,0.0,0.0,0,0
Fox_office_Alice,10,4,weekly,250,1.9163058942578863,8.73768,1.8035462097294626,11.200000000000001,98.4,0.9972000000000001,100.0,0,0.0,0.016046317612053825,0.04555610207316926,-7.14080000000001,-21.80000000000001,-6.406071428571439,0,0
Fox_office_Alice,10,8,full,250,4.218102007898612,19.231399999999994,4.229211810361406,2.0,99.2,3.5995999999999997,100.0,0,0.0,0.0375371693179477,0.09720568316115516,-0.1432000000000039,-7.0,-2.6680000000000064,0,0
Fox_office_Alice,10,8,point,250,3.9307310199353993,17.96044,4.139601275110643,5.6000000000000005,100.0,3.2288,100.0,0,0.0,0.013343650340801105,0.035890166167519034,-3.073200000000004,-10.79000000000002,-5.6700000000000035,0,0
Fox_office_Alice,10,8,risk,250,4.234413437164434,19.298519999999996,4.229211810361406,2.0,100.0,3.6151999999999997,100.0,0,0.0,0.0375371693179477,0.09720568316115516,0.1339999999999941,-7.0,-2.6680000000000064,0,0
Fox_office_Alice,10,8,rule,250,0.0,0.0,0.0,0.0,0.0,0.0,100.0,0,0.0,0.0,0.0,0.0,0.0,0.0,0,0
Fox_office_Alice,10,8,weekly,250,3.413581797389552,15.57348,3.293421668137058,5.2,99.2,2.7388,100.0,0,0.0,0.010791330497944727,0.02323689737531815,-4.3980000000000015,-14.0,-8.840769230769236,0,0
Fox_office_Alice,20,2,full,250,3.4054967565991583,16.331159999999997,3.5055058227045843,4.3999999999999995,97.2,0.49360000000000004,100.0,0,0.0,0.09080921771307476,0.32030507137242237,-1.891600000000003,-13.579999999999984,-5.060000000000008,0,0
Fox_office_Alice,20,2,point,250,3.4858428035900926,16.6912,3.7207790185599747,3.5999999999999996,100.0,0.49739999999999995,100.0,0,0.0,0.020392935486976058,0.07256306859198954,0.2891999999999939,-13.579999999999984,-5.061111111111119,0,0
Fox_office_Alice,20,2,risk,250,3.4749070517122416,16.65244,3.5344901051162085,4.3999999999999995,100.0,0.5036,100.0,0,0.0,0.09080921771307476,0.32030507137242237,-0.7688000000000056,-13.579999999999984,-5.060000000000008,0,0
Fox_office_Alice,20,2,rule,250,0.0,0.0,0.0,0.0,0.0,0.0,100.0,0,0.0,0.0,0.0,0.0,0.0,0.0,0,0
Fox_office_Alice,20,2,weekly,250,3.239709653517667,15.514040000000001,3.2262861112713015,3.5999999999999996,100.0,0.46940000000000004,100.0,0,0.0,0.016628838814329357,0.05491083298984441,-0.8944000000000029,-13.579999999999984,-5.287777777777781,0,0
Fox_office_Alice,20,4,full,250,4.684097372111152,22.470959999999998,5.005992032629843,4.8,100.0,1.1396,100.0,0,0.0,0.32942387264384887,1.219216054343269,-2.4536000000000104,-21.74000000000001,-9.82916666666668,3,0
Fox_office_Alice,20,4,point,250,4.7736273679506995,22.875199999999996,5.105658149465928,4.3999999999999995,100.0,1.048,100.0,0,0.0,0.04550443202140741,0.12594848736189276,-0.5624000000000069,-14.740000000000009,-6.685454545454558,0,0
Fox_office_Alice,20,4,risk,250,4.684097372111152,22.470959999999998,5.005992032629843,4.8,100.0,1.1396,100.0,0,0.0,0.32942387264384887,1.219216054343269,-2.4536000000000104,-21.74000000000001,-9.82916666666668,3,0
Fox_office_Alice,20,4,rule,250,0.0,0.0,0.0,0.0,0.0,0.0,100.0,0,0.0,0.0,0.0,0.0,0.0,0.0,0,0
Fox_office_Alice,20,4,weekly,250,4.524714101843143,21.700119999999995,4.6759145866268845,4.8,100.0,1.0655999999999999,100.0,0,0.0,0.03793802470690571,0.10710058093827662,-1.5560000000000058,-21.74000000000001,-8.658333333333346,0,0
Fox_office_Alice,20,8,full,250,7.9741977094593715,38.2574,8.282810747662895,1.2,100.0,4.0522,100.0,0,0.0,0.4666281807022169,1.9531978749902914,9.25639999999999,-2.170000000000016,-1.2366666666666788,11,0
Fox_office_Alice,20,8,point,250,7.794740085590378,37.45295999999999,8.03239313877612,0.4,100.0,3.8548,100.0,0,0.0,0.1008001423755195,0.25494822298351194,8.669199999999995,-2.3999999999999773,-2.3999999999999773,1,0
Fox_office_Alice,20,8,risk,250,7.9741977094593715,38.2574,8.282810747662895,1.2,100.0,4.0522,100.0,0,0.0,0.4666281807022169,1.9531978749902914,9.25639999999999,-2.170000000000016,-1.2366666666666788,11,0
Fox_office_Alice,20,8,rule,250,0.0,0.0,0.0,0.0,0.0,0.0,100.0,0,0.0,0.0,0.0,0.0,0.0,0.0,0,0
Fox_office_Alice,20,8,weekly,250,7.499310984943625,35.99228,7.700701395397489,0.8,100.0,3.5638,100.0,0,0.0,0.06092088383529335,0.1701106189168056,9.31359999999999,-7.740000000000009,-4.9550000000000125,0,0
